Number,Name,Type1,Type2,Att,Def,Experience,FinalEvolution,CatchRate,Legendary
285,Shroomish,Grass,,40,60,1640000,0,255,0
286,Breloom,Grass,Fighting,130,80,1640000,1,90,0
296,Makuhita,Fighting,,60,30,1640000,0,180,0
297,Hariyama,Fighting,,120,60,1640000,1,200,0
314,Illumise,Bug,,47,75,1640000,1,150,0
316,Gulpin,Poison,,43,53,1640000,0,225,0
317,Swalot,Poison,,73,83,1640000,1,75,0
320,Wailmer,Water,,70,35,1640000,0,125,0
321,Wailord,Water,,90,45,1640000,1,60,0
336,Seviper,Poison,,100,60,1640000,1,90,0
341,Corphish,Water,,80,65,1640000,0,205,0
342,Crawdaunt,Water,Dark,120,85,1640000,1,155,0
425,Drifloon,Ghost,Flying,50,34,1640000,0,125,0
426,Drifblim,Ghost,Flying,80,44,1640000,1,60,0
58,Growlithe,Fire,,70,45,1250000,0,190,0
59,Arcanine,Fire,,110,80,1250000,1,75,0
72,Tentacool,Water,Poison,40,35,1250000,0,190,0
73,Tentacruel,Water,Poison,70,65,1250000,1,60,0
90,Shellder,Water,,65,100,1250000,0,190,0
91,Cloyster,Water,Ice,95,180,1250000,1,60,0
102,Exeggcute,Grass,Psychic,40,80,1250000,0,90,0
103,Exeggutor,Grass,Psychic,95,85,1250000,1,45,0
103,Alolan Exeggutor,Grass,Dragon,105,85,1250000,1,45,0
111,Rhyhorn,Ground,Rock,85,95,1250000,0,120,0
112,Rhydon,Ground,Rock,130,120,1250000,0,60,0
120,Staryu,Water,,45,55,1250000,0,225,0
121,Starmie,Water,Psychic,75,85,1250000,1,60,0
127,Pinsir,Bug,,125,100,1250000,1,45,0
127,Mega Pinsir,Bug,Flying,155,120,1250000,1,45,0
128,Tauros,Normal,,100,95,1250000,1,45,0
129,Magikarp,Water,,10,55,1250000,0,255,0
130,Gyarados,Water,Flying,125,79,1250000,1,45,0
130,Mega Gyarados,Water,Dark,155,109,1250000,1,45,0
131,Lapras,Water,Ice,85,80,1250000,1,45,0
142,Aerodactyl,Rock,Flying,105,65,1250000,1,45,0
142,Mega Aerodactyl,Rock,Flying,135,85,1250000,1,45,0
143,Snorlax,Normal,,110,65,1250000,1,25,0
144,Articuno,Ice,Flying,85,100,1250000,1,3,1
144,Galarian Articuno,Psychic,Flying,85,85,1250000,1,3,1
145,Zapdos,Electric,Flying,90,85,1250000,1,3,1
145,Galarian Zapdos,Fighting,Flying,125,90,1250000,1,3,1
146,Moltres,Fire,Flying,100,90,1250000,1,3,1
146,Galarian Moltres,Dark,Flying,85,90,1250000,1,3,1
147,Dratini,Dragon,,64,45,1250000,0,45,0
148,Dragonair,Dragon,,84,65,1250000,0,45,0
149,Dragonite,Dragon,Flying,134,95,1250000,1,45,0
150,Mewtwo,Psychic,,110,90,1250000,1,3,1
150,Mega Mewtwo Y,Psychic,,150,70,1250000,1,3,1
150,Mega Mewtwo X,Psychic,Fighting,190,100,1250000,1,3,1
170,Chinchou,Water,Electric,38,38,1250000,0,190,0
171,Lanturn,Water,Electric,58,58,1250000,1,75,0
214,Heracross,Bug,Fighting,125,75,1250000,1,45,0
214,Mega Heracross,Bug,Fighting,185,115,1250000,1,45,0
220,Swinub,Ice,Ground,50,40,1250000,0,225,0
221,Piloswine,Ice,Ground,100,80,1250000,0,75,0
226,Mantine,Water,Flying,40,70,1250000,1,25,0
227,Skarmory,Steel,Flying,80,140,1250000,1,25,0
228,Houndour,Dark,Fire,60,30,1250000,0,120,0
229,Houndoom,Dark,Fire,90,50,1250000,1,45,0
229,Mega Houndoom,Dark,Fire,90,90,1250000,1,45,0
234,Stantler,Normal,,95,62,1250000,1,45,0
241,Miltank,Normal,,80,105,1250000,1,45,0
243,Raikou,Electric,,85,75,1250000,1,3,1
244,Entei,Fire,,115,85,1250000,1,3,1
245,Suicune,Water,,75,115,1250000,1,3,1
246,Larvitar,Rock,Ground,64,50,1250000,0,45,0
247,Pupitar,Rock,Ground,84,70,1250000,0,45,0
248,Tyranitar,Rock,Dark,134,110,1250000,1,45,0
248,Mega Tyranitar,Rock,Dark,164,150,1250000,1,45,0
249,Lugia,Psychic,Flying,90,130,1250000,1,3,1
250,Ho-Oh,Fire,Flying,130,90,1250000,1,3,1
280,Ralts,Psychic,Fairy,25,25,1250000,0,235,0
281,Kirlia,Psychic,Fairy,35,35,1250000,0,120,0
282,Gardevoir,Psychic,Fairy,65,65,1250000,1,45,0
282,Mega Gardevoir,Psychic,Fairy,85,65,1250000,1,45,0
287,Slakoth,Normal,,60,60,1250000,0,255,0
288,Vigoroth,Normal,,80,80,1250000,0,120,0
289,Slaking,Normal,,160,100,1250000,1,45,0
304,Aron,Steel,Rock,70,100,1250000,0,180,0
305,Lairon,Steel,Rock,90,140,1250000,0,90,0
306,Aggron,Steel,Rock,110,180,1250000,1,45,0
306,Mega Aggron,Steel,,140,230,1250000,1,45,0
309,Electrike,Electric,,45,40,1250000,0,120,0
310,Manectric,Electric,,75,60,1250000,1,45,0
310,Mega Manectric,Electric,,75,80,1250000,1,45,0
318,Carvanha,Water,Dark,90,20,1250000,0,225,0
319,Sharpedo,Water,Dark,120,40,1250000,1,60,0
319,Mega Sharpedo,Water,Dark,140,70,1250000,1,60,0
357,Tropius,Grass,Flying,68,83,1250000,1,200,0
369,Relicanth,Water,Rock,90,130,1250000,1,25,0
371,Bagon,Dragon,,75,60,1250000,0,45,0
372,Shelgon,Dragon,,95,100,1250000,0,45,0
373,Salamence,Dragon,Flying,135,80,1250000,1,45,0
373,Mega Salamence,Dragon,Flying,145,130,1250000,1,45,0
374,Beldum,Steel,Psychic,55,80,1250000,0,3,0
375,Metang,Steel,Psychic,75,100,1250000,0,3,0
376,Metagross,Steel,Psychic,135,130,1250000,1,3,0
376,Mega Metagross,Steel,Psychic,145,150,1250000,1,3,0
377,Regirock,Rock,,100,200,1250000,1,3,1
378,Regice,Ice,,50,100,1250000,1,3,1
379,Registeel,Steel,,75,150,1250000,1,3,1
380,Latias,Dragon,Psychic,80,90,1250000,1,3,1
380,Mega Latias,Dragon,Psychic,100,120,1250000,1,3,1
381,Latios,Dragon,Psychic,90,80,1250000,1,3,1
381,Mega Latios,Dragon,Psychic,130,100,1250000,1,3,1
382,Kyogre,Water,,100,90,1250000,1,3,1
382,Primal Kyogre,Water,,150,90,1250000,1,3,1
383,Groudon,Ground,,150,140,1250000,1,3,1
383,Primal Groudon,Ground,Fire,180,160,1250000,1,3,1
384,Rayquaza,Dragon,Flying,150,90,1250000,1,45,1
384,Mega Rayquaza,Dragon,Flying,180,100,1250000,1,45,1
385,Jirachi,Steel,Psychic,100,100,1250000,1,3,1
386,Deoxys Normal Form,Psychic,,150,50,1250000,1,3,1
386,Deoxys Defense Form,Psychic,,70,160,1250000,1,3,1
386,Deoxys Attack Form,Psychic,,180,20,1250000,1,3,1
386,Deoxys Speed Form,Psychic,,95,90,1250000,1,3,1
443,Gible,Dragon,Ground,70,45,1250000,0,45,0
444,Gabite,Dragon,Ground,90,65,1250000,0,45,0
445,Garchomp,Dragon,Ground,130,95,1250000,1,45,0
445,Mega Garchomp,Dragon,Ground,170,115,1250000,1,45,0
446,Munchlax,Normal,,85,40,1250000,0,50,0
449,Hippopotas,Ground,,72,78,1250000,0,140,0
450,Hippowdon,Ground,,112,118,1250000,1,60,0
451,Skorupi,Poison,Bug,50,90,1250000,0,120,0
452,Drapion,Poison,Dark,90,110,1250000,1,45,0
455,Carnivine,Grass,,100,72,1250000,1,200,0
458,Mantyke,Water,Flying,20,50,1250000,0,25,0
459,Snover,Grass,Ice,62,50,1250000,0,120,0
460,Abomasnow,Grass,Ice,92,75,1250000,1,60,0
460,Mega Abomasnow,Grass,Ice,132,105,1250000,1,60,0
464,Rhyperior,Ground,Rock,140,130,1250000,1,30,0
473,Mamoswine,Ice,Ground,130,80,1250000,1,50,0
475,Gallade,Psychic,Fighting,125,65,1250000,1,45,0
475,Mega Gallade,Psychic,Fighting,165,95,1250000,1,45,0
480,Uxie,Psychic,,75,130,1250000,1,3,1
481,Mesprit,Psychic,,105,105,1250000,1,3,1
482,Azelf,Psychic,,125,70,1250000,1,3,1
483,Dialga,Steel,Dragon,120,120,1250000,1,3,1
484,Palkia,Water,Dragon,120,100,1250000,1,3,1
485,Heatran,Fire,Steel,90,106,1250000,1,3,1
486,Regigigas,Normal,,160,110,1250000,1,3,1
487,Giratina,Ghost,Dragon,100,120,1250000,1,3,1
487,Giratina-Origin,Dragon,Ghost,120,100,1250000,1,3,1
488,Cresselia,Psychic,,70,120,1250000,1,3,1
489,Phione,Water,,80,80,1250000,1,30,1
490,Manaphy,Water,,100,100,1250000,1,3,1
491,Darkrai,Dark,,90,90,1250000,1,3,1
493,Arceus,Normal,,120,120,1250000,1,3,1
494,Victini,Psychic,Fire,100,100,1250000,1,3,1
582,Vanillite,Ice,,50,50,1250000,0,255,0
583,Vanillish,Ice,,65,65,1250000,0,120,0
584,Vanilluxe,Ice,,95,85,1250000,1,45,0
602,Tynamo,Electric,,55,40,1250000,0,190,0
603,Eelektrik,Electric,,85,70,1250000,0,60,0
604,Eelektross,Electric,,115,80,1250000,1,30,0
610,Axew,Dragon,,87,60,1250000,0,75,0
611,Fraxure,Dragon,,117,70,1250000,0,60,0
612,Haxorus,Dragon,,147,90,1250000,1,45,0
627,Rufflet,Normal,Flying,83,50,1250000,0,190,0
628,Braviary,Normal,Flying,123,75,1250000,1,60,0
629,Vullaby,Dark,Flying,55,75,1250000,0,190,0
630,Mandibuzz,Dark,Flying,65,105,1250000,1,60,0
633,Deino,Dark,Dragon,65,50,1250000,0,45,0
634,Zweilous,Dark,Dragon,85,70,1250000,0,45,0
635,Hydreigon,Dark,Dragon,105,90,1250000,1,45,0
636,Larvesta,Bug,Fire,85,55,1250000,0,45,0
637,Volcarona,Bug,Fire,60,65,1250000,1,15,0
638,Cobalion,Steel,Fighting,90,129,1250000,1,3,1
639,Terrakion,Rock,Fighting,129,90,1250000,1,3,1
640,Virizion,Grass,Fighting,90,72,1250000,1,3,1
641,Tornadus,Flying,,115,70,1250000,1,3,1
641,Tornadus-Therian,Flying,,100,80,1250000,1,3,1
642,Thundurus,Electric,Flying,115,70,1250000,1,3,1
642,Thundurus-Therian,Electric,Flying,105,70,1250000,1,3,1
643,Reshiram,Dragon,Fire,120,100,1250000,1,3,1
644,Zekrom,Dragon,Electric,150,120,1250000,1,3,1
645,Landorus,Ground,Flying,125,90,1250000,1,3,1
645,Landorus-Therian,Ground,Flying,145,90,1250000,1,3,1
646,Kyurem,Dragon,Ice,130,90,1250000,1,3,1
646,White Kyurem,Dragon,Ice,120,90,1250000,1,3,1
646,Black Kyurem,Dragon,Ice,170,100,1250000,1,3,1
647,Keldeo,Water,Fighting,72,90,1250000,1,3,1
648,Meloetta,Normal,Psychic,77,77,1250000,1,3,1
648,Meloetta-Pirouette,Normal,Fighting,128,90,1250000,1,3,1
649,Genesect,Bug,Steel,120,95,1250000,1,3,1
692,Clauncher,Water,,53,62,1250000,0,225,0
693,Clawitzer,Water,,73,88,1250000,1,55,0
703,Carbink,Rock,Fairy,50,150,1250000,1,60,0
704,Goomy,Dragon,,50,35,1250000,0,45,0
705,Sliggoo,Dragon,,75,53,1250000,0,45,0
706,Goodra,Dragon,,100,70,1250000,1,45,0
716,Xerneas,Fairy,,131,95,1250000,1,45,1
717,Yveltal,Dark,Flying,131,95,1250000,1,45,1
718,Zygarde,Dragon,Ground,100,121,1250000,1,3,1
718,Zygarde 10%,Dragon,Ground,100,71,1250000,1,3,1
718,Zygarde Complete,Dragon,Ground,100,121,1250000,1,3,1
719,Mega Diancie,Rock,Fairy,160,110,1250000,1,3,1
719,Diancie,Rock,Fairy,100,150,1250000,1,3,1
720,Hoopa,Psychic,Ghost,110,60,1250000,1,3,1
720,Hoopa Unbound,Psychic,Dark,160,60,1250000,1,3,1
721,Volcanion,Fire,Water,110,120,1250000,1,3,1
765,Oranguru,Normal,Psychic,60,80,1250000,1,45,0
766,Passimian,Fighting,,120,90,1250000,1,45,0
772,Type: Null,Normal,,95,95,1250000,0,3,1
773,Silvally,Normal,,95,95,1250000,1,3,1
775,Komala,Normal,,115,65,1250000,1,45,0
782,Jangmo-o,Dragon,,55,65,1250000,0,45,0
783,Hakamo-o,Dragon,Fighting,75,90,1250000,0,45,0
784,Kommo-o,Dragon,Fighting,110,125,1250000,1,45,0
785,Tapu Koko,Electric,Fairy,115,85,1250000,1,3,1
786,Tapu Lele,Psychic,Fairy,85,75,1250000,1,3,1
787,Tapu Bulu,Grass,Fairy,130,115,1250000,1,3,1
788,Tapu Fini,Water,Fairy,75,115,1250000,1,3,1
789,Cosmog,Psychic,,29,31,1250000,0,45,1
790,Cosmoem,Psychic,,29,131,1250000,0,45,1
791,Solgaleo,Psychic,Steel,137,107,1250000,1,45,1
792,Lunala,Psychic,Ghost,113,89,1250000,1,45,1
793,Nihilego,Rock,Poison,53,47,1250000,1,45,1
794,Buzzwole,Bug,Fighting,139,139,1250000,1,45,1
795,Pheromosa,Bug,Fighting,137,37,1250000,1,45,1
796,Xurkitree,Electric,,89,71,1250000,1,45,1
797,Celesteela,Steel,Flying,101,103,1250000,1,45,1
798,Kartana,Grass,Steel,181,131,1250000,1,45,1
799,Guzzlord,Dark,Dragon,101,53,1250000,1,45,1
800,Necrozma,Psychic,,107,101,1250000,1,255,1
800,Dusk Mane Necrozma,Psychic,Steel,157,127,1250000,1,255,1
800,Dawn Wings Necrozma,Psychic,Ghost,113,109,1250000,1,255,1
800,Ultra Necrozma,Psychic,Dragon,167,97,1250000,1,255,1
801,Magearna,Steel,Fairy,95,115,1250000,1,3,1
802,Marshadow,Fighting,Ghost,125,80,1250000,1,3,1
803,Poipole,Poison,,73,67,1250000,0,45,1
804,Naganadel,Poison,Dragon,73,73,1250000,1,45,1
805,Stakataka,Rock,Steel,131,211,1250000,1,30,1
806,Blacephalon,Fire,Ghost,127,53,1250000,1,30,1
807,Zeraora,Electric,,112,75,1250000,1,3,1
808,Meltan,Steel,,65,65,1250000,0,3,1
809,Melmetal,Steel,,143,143,1250000,1,3,1
846,Arrokuda,Water,,63,40,1250000,0,255,0
847,Barraskewda,Water,,123,60,1250000,1,60,0
856,Hatenna,Psychic,,30,45,1250000,0,235,0
857,Hattrem,Psychic,,40,65,1250000,0,120,0
858,Hatterene,Psychic,Fairy,90,95,1250000,1,45,0
874,Stonjourner,Rock,,125,135,1250000,1,60,0
875,Eiscue,Ice,,80,110,1250000,0,60,0
875,Eiscue Noice Face,Ice,,80,70,1250000,0,60,0
880,Dracozolt,Electric,Dragon,100,90,1250000,1,45,0
881,Arctozolt,Electric,Ice,100,90,1250000,1,45,0
882,Dracovish,Water,Dragon,90,100,1250000,1,45,0
883,Arctovish,Water,Ice,90,100,1250000,1,45,0
885,Dreepy,Dragon,Ghost,60,30,1250000,0,45,0
886,Drakloak,Dragon,Ghost,80,50,1250000,0,45,0
887,Dragapult,Dragon,Ghost,120,75,1250000,1,45,0
888,Zacian,Fairy,,130,115,1250000,1,10,1
888,Zacian Crowned Sword,Fairy,Steel,170,115,1250000,1,10,1
889,Zamazenta,Fighting,,130,115,1250000,1,10,1
889,Zamazenta Crowned Shield,Fighting,Steel,130,145,1250000,1,10,1
890,Eternatus,Poison,Dragon,85,95,1250000,1,255,1
891,Kubfu,Fighting,,90,60,1250000,0,3,1
892,Urshifu Rapid Strike Style,Fighting,Water,130,100,1250000,1,3,1
892,Urshifu Single Strike Style,Fighting,Dark,130,100,1250000,1,3,1
893,Zarude,Dark,Grass,120,105,1250000,1,3,1
894,Regieleki,Electric,,100,50,1250000,1,3,1
895,Regidrago,Dragon,,100,50,1250000,1,3,1
896,Glastrier,Ice,,145,130,1250000,1,3,1
897,Spectrier,Ghost,,65,60,1250000,1,3,1
898,Calyrex,Psychic,Grass,80,80,1250000,1,3,1
898,Calyrex Ice Rider,Psychic,Ice,165,150,1250000,1,3,1
898,Calyrex Shadow Rider,Psychic,Ghost,85,80,1250000,1,3,1
1,Bulbasaur,Grass,Poison,49,49,1059860,0,45,0
2,Ivysaur,Grass,Poison,62,63,1059860,0,45,0
3,Venusaur,Grass,Poison,82,83,1059860,1,45,0
3,Mega Venusaur,Grass,Poison,100,123,1059860,1,45,0
4,Charmander,Fire,,52,43,1059860,0,45,0
5,Charmeleon,Fire,,64,58,1059860,0,45,0
6,Charizard,Fire,Flying,84,78,1059860,1,45,0
6,Mega Charizard Y,Fire,Flying,104,78,1059860,1,45,0
6,Mega Charizard X,Fire,Dragon,130,111,1059860,1,45,0
7,Squirtle,Water,,48,65,1059860,0,45,0
8,Wartortle,Water,,63,80,1059860,0,45,0
9,Blastoise,Water,,83,100,1059860,1,45,0
9,Mega Blastoise,Water,,103,120,1059860,1,45,0
16,Pidgey,Normal,Flying,45,40,1059860,0,255,0
17,Pidgeotto,Normal,Flying,60,55,1059860,0,120,0
18,Pidgeot,Normal,Flying,80,75,1059860,1,45,0
18,Mega Pidgeot,Normal,Flying,80,80,1059860,1,45,0
29,Nidoran?£á,Poison,,47,52,1059860,0,235,0
30,Nidorina,Poison,,62,67,1059860,0,120,0
31,Nidoqueen,Poison,Ground,92,87,1059860,1,45,0
33,Nidorino,Poison,,72,57,1059860,0,120,0
34,Nidoking,Poison,Ground,102,77,1059860,1,45,0
43,Oddish,Grass,Poison,50,55,1059860,0,255,0
44,Gloom,Grass,Poison,65,70,1059860,0,120,0
45,Vileplume,Grass,Poison,80,85,1059860,1,45,0
60,Poliwag,Water,,50,40,1059860,0,255,0
61,Poliwhirl,Water,,65,65,1059860,0,120,0
62,Poliwrath,Water,Fighting,95,95,1059860,1,45,0
63,Abra,Psychic,,20,15,1059860,0,200,0
64,Kadabra,Psychic,,35,30,1059860,0,100,0
65,Alakazam,Psychic,,50,45,1059860,1,50,0
65,Mega Alakazam,Psychic,,50,65,1059860,1,50,0
66,Machop,Fighting,,80,50,1059860,0,180,0
67,Machoke,Fighting,,100,70,1059860,0,90,0
68,Machamp,Fighting,,130,80,1059860,1,45,0
69,Bellsprout,Grass,Poison,75,35,1059860,0,255,0
70,Weepinbell,Grass,Poison,90,50,1059860,0,120,0
71,Victreebel,Grass,Poison,105,65,1059860,1,45,0
74,Geodude,Rock,Ground,80,100,1059860,0,255,0
74,Alolan Geodude,Rock,Electric,80,100,1059860,0,255,0
75,Graveler,Rock,Ground,95,115,1059860,0,120,0
75,Alolan Graveler,Rock,Electric,95,115,1059860,0,120,0
76,Golem,Rock,Ground,120,130,1059860,1,45,0
76,Alolan Golem,Rock,Electric,120,130,1059860,1,45,0
92,Gastly,Ghost,Poison,35,30,1059860,0,190,0
93,Haunter,Ghost,Poison,50,45,1059860,0,90,0
94,Gengar,Ghost,Poison,65,60,1059860,1,45,0
94,Mega Gengar,Ghost,Poison,65,80,1059860,1,45,0
151,Mew,Psychic,,100,100,1059860,1,45,1
152,Chikorita,Grass,,49,65,1059860,0,45,0
153,Bayleef,Grass,,62,80,1059860,0,45,0
154,Meganium,Grass,,82,100,1059860,1,45,0
155,Cyndaquil,Fire,,52,43,1059860,0,45,0
156,Quilava,Fire,,64,58,1059860,0,45,0
157,Typhlosion,Fire,,84,78,1059860,1,45,0
158,Totodile,Water,,65,64,1059860,0,45,0
159,Croconaw,Water,,80,80,1059860,0,45,0
160,Feraligatr,Water,,105,100,1059860,1,45,0
179,Mareep,Electric,,40,40,1059860,0,235,0
180,Flaaffy,Electric,,55,55,1059860,0,120,0
181,Ampharos,Electric,,75,85,1059860,1,45,0
181,Mega Ampharos,Electric,Dragon,95,105,1059860,1,45,0
182,Bellossom,Grass,,80,95,1059860,1,45,0
186,Politoed,Water,,75,75,1059860,1,45,0
187,Hoppip,Grass,Flying,35,40,1059860,0,255,0
188,Skiploom,Grass,Flying,45,50,1059860,0,120,0
189,Jumpluff,Grass,Flying,55,70,1059860,1,45,0
191,Sunkern,Grass,,30,30,1059860,0,235,0
192,Sunflora,Grass,,75,55,1059860,1,120,0
198,Murkrow,Dark,Flying,85,42,1059860,0,30,0
207,Gligar,Ground,Flying,75,105,1059860,0,60,0
213,Shuckle,Bug,Rock,10,230,1059860,1,190,0
215,Sneasel,Dark,Ice,95,55,1059860,0,60,0
251,Celebi,Psychic,Grass,100,100,1059860,1,45,1
252,Treecko,Grass,,45,35,1059860,0,45,0
253,Grovyle,Grass,,65,45,1059860,0,45,0
254,Sceptile,Grass,,85,65,1059860,1,45,0
254,Mega Sceptile,Grass,Dragon,110,75,1059860,1,45,0
255,Torchic,Fire,,60,40,1059860,0,45,0
256,Combusken,Fire,Fighting,85,60,1059860,0,45,0
257,Blaziken,Fire,Fighting,120,70,1059860,1,45,0
257,Mega Blaziken,Fire,Fighting,160,80,1059860,1,45,0
258,Mudkip,Water,,70,50,1059860,0,45,0
259,Marshtomp,Water,Ground,85,70,1059860,0,45,0
260,Swampert,Water,Ground,110,90,1059860,1,45,0
260,Mega Swampert,Water,Ground,150,110,1059860,1,45,0
270,Lotad,Water,Grass,30,30,1059860,0,255,0
271,Lombre,Water,Grass,50,50,1059860,0,120,0
272,Ludicolo,Water,Grass,70,70,1059860,1,45,0
273,Seedot,Grass,,40,50,1059860,0,255,0
274,Nuzleaf,Grass,Dark,70,40,1059860,0,120,0
275,Shiftry,Grass,Dark,100,60,1059860,1,45,0
276,Taillow,Normal,Flying,55,30,1059860,0,200,0
277,Swellow,Normal,Flying,85,60,1059860,1,45,0
293,Whismur,Normal,,51,23,1059860,0,190,0
294,Loudred,Normal,,71,43,1059860,0,120,0
295,Exploud,Normal,,91,63,1059860,1,45,0
302,Sableye,Dark,Ghost,75,75,1059860,1,45,0
302,Mega Sableye,Dark,Ghost,85,125,1059860,1,45,0
315,Roselia,Grass,Poison,60,45,1059860,0,150,0
328,Trapinch,Ground,,100,45,1059860,0,255,0
329,Vibrava,Ground,Dragon,70,50,1059860,0,120,0
330,Flygon,Ground,Dragon,100,80,1059860,1,45,0
331,Cacnea,Grass,,85,40,1059860,0,190,0
332,Cacturne,Grass,Dark,115,60,1059860,1,60,0
352,Kecleon,Normal,,90,70,1059860,1,200,0
359,Absol,Dark,,130,60,1059860,1,30,0
359,Mega Absol,Dark,,150,60,1059860,1,30,0
363,Spheal,Ice,Water,40,50,1059860,0,255,0
364,Sealeo,Ice,Water,60,70,1059860,0,120,0
365,Walrein,Ice,Water,80,90,1059860,1,45,0
387,Turtwig,Grass,,68,64,1059860,0,45,0
388,Grotle,Grass,,89,85,1059860,0,45,0
389,Torterra,Grass,Ground,109,105,1059860,1,45,0
390,Chimchar,Fire,,58,44,1059860,0,45,0
391,Monferno,Fire,Fighting,78,52,1059860,0,45,0
392,Infernape,Fire,Fighting,104,71,1059860,1,45,0
393,Piplup,Water,,51,53,1059860,0,45,0
394,Prinplup,Water,,66,68,1059860,0,45,0
395,Empoleon,Water,Steel,86,88,1059860,1,45,0
396,Starly,Normal,Flying,55,30,1059860,0,255,0
397,Staravia,Normal,Flying,75,50,1059860,0,120,0
398,Staraptor,Normal,Flying,120,70,1059860,1,45,0
401,Kricketot,Bug,,25,41,1059860,0,255,0
402,Kricketune,Bug,,85,51,1059860,1,45,0
403,Shinx,Electric,,65,34,1059860,0,235,0
404,Luxio,Electric,,85,49,1059860,0,120,0
405,Luxray,Electric,,120,79,1059860,1,45,0
406,Budew,Grass,Poison,30,35,1059860,0,255,0
407,Roserade,Grass,Poison,70,65,1059860,1,75,0
415,Combee,Bug,Flying,30,42,1059860,0,120,0
416,Vespiquen,Bug,Flying,80,102,1059860,1,45,0
430,Honchkrow,Dark,Flying,125,52,1059860,1,30,0
441,Chatot,Normal,Flying,65,45,1059860,1,30,0
447,Riolu,Fighting,,70,40,1059860,0,75,0
448,Lucario,Fighting,Steel,110,70,1059860,1,45,0
448,Mega Lucario,Fighting,Steel,145,88,1059860,1,45,0
461,Weavile,Dark,Ice,120,65,1059860,1,45,0
472,Gliscor,Ground,Flying,95,125,1059860,1,30,0
492,Shaymin,Grass,,100,100,1059860,1,45,1
492,Shaymin-Sky,Grass,Flying,103,75,1059860,1,45,1
495,Snivy,Grass,,45,55,1059860,0,45,0
496,Servine,Grass,,60,75,1059860,0,45,0
497,Serperior,Grass,,75,95,1059860,1,45,0
498,Tepig,Fire,,63,45,1059860,0,45,0
499,Pignite,Fire,Fighting,93,55,1059860,0,45,0
500,Emboar,Fire,Fighting,123,65,1059860,1,45,0
501,Oshawott,Water,,55,45,1059860,0,45,0
502,Dewott,Water,,75,60,1059860,0,45,0
503,Samurott,Water,,100,85,1059860,1,45,0
506,Lillipup,Normal,,60,45,1059860,0,255,0
507,Herdier,Normal,,80,65,1059860,0,120,0
508,Stoutland,Normal,,110,90,1059860,1,45,0
519,Pidove,Normal,Flying,55,50,1059860,0,255,0
520,Tranquill,Normal,Flying,77,62,1059860,0,120,0
521,Unfezant,Normal,Flying,115,80,1059860,1,45,0
524,Roggenrola,Rock,,75,85,1059860,0,255,0
525,Boldore,Rock,,105,105,1059860,0,120,0
526,Gigalith,Rock,,135,130,1059860,1,45,0
532,Timburr,Fighting,,80,55,1059860,0,180,0
533,Gurdurr,Fighting,,105,85,1059860,0,90,0
534,Conkeldurr,Fighting,,140,95,1059860,1,45,0
535,Tympole,Water,,50,40,1059860,0,255,0
536,Palpitoad,Water,Ground,65,55,1059860,0,120,0
537,Seismitoad,Water,Ground,95,75,1059860,1,45,0
540,Sewaddle,Bug,Grass,53,70,1059860,0,255,0
541,Swadloon,Bug,Grass,63,90,1059860,0,120,0
542,Leavanny,Bug,Grass,103,80,1059860,1,45,0
543,Venipede,Bug,Poison,45,59,1059860,0,255,0
544,Whirlipede,Bug,Poison,55,99,1059860,0,120,0
545,Scolipede,Bug,Poison,100,89,1059860,1,45,0
551,Sandile,Ground,Dark,72,35,1059860,0,180,0
552,Krokorok,Ground,Dark,82,45,1059860,0,90,0
553,Krookodile,Ground,Dark,117,80,1059860,1,45,0
554,Darumaka,Fire,,90,45,1059860,0,120,0
554,Galarian Darumaka,Ice,,90,45,1059860,0,120,0
555,Darmanitan,Fire,,140,55,1059860,0,60,0
555,Darmanitan Zen-Mode,Fire,Psychic,30,105,1059860,0,60,0
555,Galarian Darmanitan,Ice,,140,55,1059860,0,60,0
555,Galarian Darmanitan Zen-Mode,Ice,Fire,160,55,1059860,0,60,0
570,Zorua,Dark,,65,40,1059860,0,75,0
571,Zoroark,Dark,,105,60,1059860,1,45,0
574,Gothita,Psychic,,30,50,1059860,0,200,0
575,Gothorita,Psychic,,45,70,1059860,0,100,0
576,Gothitelle,Psychic,,55,95,1059860,1,50,0
577,Solosis,Psychic,,30,40,1059860,0,200,0
578,Duosion,Psychic,,40,50,1059860,0,100,0
579,Reuniclus,Psychic,,65,75,1059860,1,50,0
599,Klink,Steel,,55,70,1059860,0,130,0
600,Klang,Steel,,80,95,1059860,0,60,0
601,Klinklang,Steel,,100,115,1059860,1,30,0
607,Litwick,Ghost,Fire,30,55,1059860,0,190,0
608,Lampent,Ghost,Fire,40,60,1059860,0,90,0
609,Chandelure,Ghost,Fire,55,90,1059860,1,45,0
619,Mienfoo,Fighting,,85,50,1059860,0,180,0
620,Mienshao,Fighting,,125,60,1059860,1,45,0
650,Chespin,Grass,,61,65,1059860,0,45,0
651,Quilladin,Grass,,78,95,1059860,0,45,0
652,Chesnaught,Grass,Fighting,107,122,1059860,1,45,0
653,Fennekin,Fire,,45,40,1059860,0,45,0
654,Braixen,Fire,,59,58,1059860,0,45,0
655,Delphox,Fire,Psychic,69,72,1059860,1,45,0
656,Froakie,Water,,56,40,1059860,0,45,0
657,Frogadier,Water,,63,52,1059860,0,45,0
658,Greninja,Water,Dark,95,67,1059860,1,45,0
658,Ash-Greninja,Water,Dark,145,67,1059860,1,45,0
661,Fletchling,Normal,Flying,50,43,1059860,0,255,0
662,Fletchinder,Fire,Flying,73,55,1059860,0,120,0
663,Talonflame,Fire,Flying,81,71,1059860,1,45,0
667,Litleo,Fire,Normal,50,58,1059860,0,220,0
668,Pyroar,Fire,Normal,68,72,1059860,1,65,0
722,Rowlet,Grass,Flying,55,55,1059860,0,45,0
723,Dartrix,Grass,Flying,75,75,1059860,0,45,0
724,Decidueye,Grass,Ghost,107,75,1059860,1,45,0
725,Litten,Fire,,65,40,1059860,0,45,0
726,Torracat,Fire,,85,50,1059860,0,45,0
727,Incineroar,Fire,Dark,115,90,1059860,1,45,0
728,Popplio,Water,,54,54,1059860,0,45,0
729,Brionne,Water,,69,69,1059860,0,45,0
730,Primarina,Water,Fairy,74,74,1059860,1,45,0
761,Bounsweet,Grass,,30,38,1059860,0,235,0
762,Steenee,Grass,,40,48,1059860,0,120,0
763,Tsareena,Grass,,120,98,1059860,1,45,0
774,Minior Meteor Form,Rock,Flying,60,100,1059860,0,30,0
774,Minior Core Form,Rock,Flying,100,60,1059860,0,30,0
810,Grookey,Grass,,65,50,1059860,0,45,0
811,Thwackey,Grass,,85,70,1059860,0,45,0
812,Rillaboom,Grass,,125,90,1059860,1,45,0
813,Scorbunny,Fire,,71,40,1059860,0,45,0
814,Raboot,Fire,,86,60,1059860,0,45,0
815,Cinderace,Fire,,116,75,1059860,1,45,0
816,Sobble,Water,,40,40,1059860,0,45,0
817,Drizzile,Water,,60,55,1059860,0,45,0
818,Inteleon,Water,,85,65,1059860,1,45,0
821,Rookidee,Flying,,47,35,1059860,0,255,0
822,Corvisquire,Flying,,67,55,1059860,0,120,0
823,Corviknight,Flying,Steel,87,105,1059860,1,45,0
837,Rolycoly,Rock,,40,50,1059860,0,255,0
838,Carkol,Rock,Fire,60,90,1059860,0,120,0
839,Coalossal,Rock,Fire,80,120,1059860,1,45,0
848,Toxel,Electric,Poison,38,35,1059860,0,75,0
849,Toxtricity,Electric,Poison,98,70,1059860,0,45,0
852,Clobbopus,Fighting,,68,60,1059860,0,180,0
853,Grapploct,Fighting,,118,90,1059860,1,45,0
10,Caterpie,Bug,,30,35,1000000,0,255,0
11,Metapod,Bug,,20,55,1000000,0,120,0
12,Butterfree,Bug,Flying,45,50,1000000,1,45,0
13,Weedle,Bug,Poison,35,30,1000000,0,255,0
14,Kakuna,Bug,Poison,25,50,1000000,0,120,0
15,Beedrill,Bug,Poison,90,40,1000000,1,45,0
15,Mega Beedrill,Bug,Poison,150,40,1000000,1,45,0
19,Rattata,Normal,,56,35,1000000,0,255,0
19,Alolan Rattata,Dark,Normal,56,35,1000000,0,255,0
20,Raticate,Normal,,81,60,1000000,1,127,0
20,Alolan Raticate,Dark,Normal,71,70,1000000,1,127,0
21,Spearow,Normal,Flying,60,30,1000000,0,255,0
22,Fearow,Normal,Flying,90,65,1000000,1,90,0
23,Ekans,Poison,,60,44,1000000,0,255,0
24,Arbok,Poison,,95,69,1000000,1,90,0
25,Pikachu,Electric,,55,40,1000000,0,190,0
26,Raichu,Electric,,90,55,1000000,1,75,0
26,Alolan Raichu,Electric,Psychic,85,50,1000000,1,75,0
27,Sandshrew,Ground,,75,85,1000000,0,255,0
27,Alolan Sandshrew,Ice,Steel,75,90,1000000,0,255,0
28,Sandslash,Ground,,100,110,1000000,1,90,0
28,Alolan Sandslash,Ice,Steel,100,120,1000000,1,90,0
37,Vulpix,Fire,,41,40,1000000,0,190,0
37,Alolan Vulpix,Ice,,41,40,1000000,0,190,0
38,Ninetales,Fire,,76,75,1000000,1,75,0
38,Alolan Ninetales,Ice,Fairy,67,75,1000000,1,75,0
41,Zubat,Poison,Flying,45,35,1000000,0,255,0
42,Golbat,Poison,Flying,80,70,1000000,0,90,0
46,Paras,Bug,Grass,70,55,1000000,0,190,0
47,Parasect,Bug,Grass,95,80,1000000,1,75,0
48,Venonat,Bug,Poison,55,50,1000000,0,190,0
49,Venomoth,Bug,Poison,65,60,1000000,1,75,0
50,Diglett,Ground,,55,25,1000000,0,255,0
50,Alolan Diglett,Ground,Steel,55,30,1000000,0,255,0
51,Dugtrio,Ground,,100,50,1000000,1,50,0
51,Alolan Dugtrio,Ground,Steel,100,60,1000000,1,50,0
52,Meowth,Normal,,45,35,1000000,0,255,0
52,Alolan Meowth,Dark,,35,35,1000000,0,255,0
52,Galarian Meowth,Steel,,65,55,1000000,0,255,0
53,Persian,Normal,,70,60,1000000,1,90,0
53,Alolan Persian,Dark,,60,60,1000000,1,90,0
54,Psyduck,Water,,52,48,1000000,0,190,0
55,Golduck,Water,,82,78,1000000,1,75,0
56,Mankey,Fighting,,80,35,1000000,0,190,0
57,Primeape,Fighting,,105,60,1000000,1,75,0
77,Ponyta,Fire,,85,55,1000000,0,190,0
77,Galarian Ponyta,Psychic,,85,55,1000000,0,190,0
78,Rapidash,Fire,,100,70,1000000,1,60,0
78,Galarian Rapidash,Psychic,Fairy,100,70,1000000,1,60,0
79,Slowpoke,Water,Psychic,65,65,1000000,0,190,0
79,Galarian Slowpoke,Psychic,,65,65,1000000,0,190,0
80,Slowbro,Water,Psychic,75,110,1000000,1,75,0
80,Mega Slowbro,Water,Psychic,75,180,1000000,1,75,0
80,Galarian Slowbro,Poison,Psychic,100,95,1000000,1,75,0
81,Magnemite,Electric,Steel,35,70,1000000,0,190,0
82,Magneton,Electric,Steel,60,95,1000000,0,60,0
83,Farfetch'd,Normal,Flying,90,55,1000000,1,45,0
83,Galarian Farfetch'd,Fighting,,95,55,1000000,0,45,0
84,Doduo,Normal,Flying,85,45,1000000,0,190,0
85,Dodrio,Normal,Flying,110,70,1000000,1,45,0
86,Seel,Water,,45,55,1000000,0,190,0
87,Dewgong,Water,Ice,70,80,1000000,1,75,0
88,Grimer,Poison,,80,50,1000000,0,190,0
88,Alolan Grimer,Poison,Dark,80,50,1000000,0,190,0
89,Muk,Poison,,105,75,1000000,1,75,0
89,Alolan Muk,Poison,Dark,105,75,1000000,1,75,0
95,Onix,Rock,Ground,45,160,1000000,0,45,0
96,Drowzee,Psychic,,48,45,1000000,0,190,0
97,Hypno,Psychic,,73,70,1000000,1,75,0
98,Krabby,Water,,105,90,1000000,0,225,0
99,Kingler,Water,,130,115,1000000,1,60,0
100,Voltorb,Electric,,30,50,1000000,0,190,0
101,Electrode,Electric,,50,70,1000000,1,60,0
104,Cubone,Ground,,50,95,1000000,0,190,0
105,Marowak,Ground,,80,110,1000000,1,75,0
105,Alolan Marowak,Fire,Ghost,80,110,1000000,1,75,0
106,Hitmonlee,Fighting,,120,53,1000000,1,45,0
107,Hitmonchan,Fighting,,105,79,1000000,1,45,0
108,Lickitung,Normal,,55,75,1000000,0,45,0
109,Koffing,Poison,,65,95,1000000,0,190,0
110,Weezing,Poison,,90,120,1000000,1,60,0
110,Galarian Weezing,Poison,Fairy,90,120,1000000,1,60,0
114,Tangela,Grass,,55,115,1000000,0,45,0
115,Kangaskhan,Normal,,95,80,1000000,1,45,0
115,Mega Kangaskhan,Normal,,125,100,1000000,1,45,0
116,Horsea,Water,,40,70,1000000,0,225,0
117,Seadra,Water,,65,95,1000000,0,75,0
118,Goldeen,Water,,67,60,1000000,0,225,0
119,Seaking,Water,,92,65,1000000,1,60,0
122,Mr. Mime,Psychic,Fairy,45,65,1000000,1,45,0
122,Galarian Mr. Mime,Ice,Psychic,65,65,1000000,0,45,0
123,Scyther,Bug,Flying,110,80,1000000,0,45,0
124,Jynx,Ice,Psychic,50,35,1000000,1,45,0
125,Electabuzz,Electric,,83,57,1000000,0,45,0
126,Magmar,Fire,,95,57,1000000,0,45,0
132,Ditto,Normal,,48,48,1000000,1,35,0
133,Eevee,Normal,,55,50,1000000,0,45,0
134,Vaporeon,Water,,65,60,1000000,1,45,0
135,Jolteon,Electric,,65,60,1000000,1,45,0
136,Flareon,Fire,,130,60,1000000,1,45,0
137,Porygon,Normal,,60,70,1000000,0,45,0
138,Omanyte,Rock,Water,40,100,1000000,0,45,0
139,Omastar,Rock,Water,60,125,1000000,1,45,0
140,Kabuto,Rock,Water,80,90,1000000,0,45,0
141,Kabutops,Rock,Water,115,105,1000000,1,45,0
161,Sentret,Normal,,46,34,1000000,0,255,0
162,Furret,Normal,,76,64,1000000,1,90,0
163,Hoothoot,Normal,Flying,30,30,1000000,0,255,0
164,Noctowl,Normal,Flying,50,50,1000000,1,90,0
169,Crobat,Poison,Flying,90,80,1000000,1,90,0
172,Pichu,Electric,,40,15,1000000,0,190,0
177,Natu,Psychic,Flying,50,45,1000000,0,190,0
178,Xatu,Psychic,Flying,75,70,1000000,1,75,0
185,Sudowoodo,Rock,,100,115,1000000,1,65,0
193,Yanma,Bug,Flying,65,45,1000000,0,75,0
194,Wooper,Water,Ground,45,45,1000000,0,255,0
195,Quagsire,Water,Ground,85,85,1000000,1,90,0
196,Espeon,Psychic,,65,60,1000000,1,45,0
197,Umbreon,Dark,,65,110,1000000,1,45,0
199,Slowking,Water,Psychic,75,80,1000000,1,70,0
199,Galarian Slowking,Poison,Psychic,65,80,1000000,1,70,0
201,Unown,Psychic,,72,48,1000000,1,225,0
202,Wobbuffet,Psychic,,33,58,1000000,1,45,0
203,Girafarig,Normal,Psychic,80,65,1000000,1,60,0
204,Pineco,Bug,,65,90,1000000,0,190,0
205,Forretress,Bug,Steel,90,140,1000000,1,75,0
206,Dunsparce,Normal,,70,70,1000000,1,190,0
208,Steelix,Steel,Ground,85,200,1000000,1,25,0
208,Mega Steelix,Steel,Ground,125,230,1000000,1,25,0
211,Qwilfish,Water,Poison,95,85,1000000,1,45,0
212,Scizor,Bug,Steel,130,100,1000000,1,25,0
212,Mega Scizor,Bug,Steel,150,140,1000000,1,25,0
216,Teddiursa,Normal,,80,50,1000000,0,120,0
217,Ursaring,Normal,,130,75,1000000,1,60,0
218,Slugma,Fire,,40,40,1000000,0,190,0
219,Magcargo,Fire,Rock,50,120,1000000,1,75,0
223,Remoraid,Water,,65,35,1000000,0,190,0
224,Octillery,Water,,105,75,1000000,1,75,0
230,Kingdra,Water,Dragon,95,95,1000000,1,45,0
231,Phanpy,Ground,,60,60,1000000,0,120,0
232,Donphan,Ground,,120,120,1000000,1,60,0
233,Porygon2,Normal,,80,90,1000000,0,45,0
236,Tyrogue,Fighting,,35,35,1000000,0,75,0
237,Hitmontop,Fighting,,95,95,1000000,1,45,0
238,Smoochum,Ice,Psychic,30,15,1000000,0,45,0
239,Elekid,Electric,,63,37,1000000,0,45,0
240,Magby,Fire,,75,37,1000000,0,45,0
261,Poochyena,Dark,,55,35,1000000,0,255,0
262,Mightyena,Dark,,90,70,1000000,1,127,0
263,Zigzagoon,Normal,,30,41,1000000,0,255,0
263,Galarian Zigzagoon,Dark,Normal,30,41,1000000,0,255,0
264,Linoone,Normal,,70,61,1000000,1,90,0
264,Galarian Linoone,Dark,Normal,70,61,1000000,0,90,0
265,Wurmple,Bug,,45,35,1000000,0,255,0
266,Silcoon,Bug,,35,55,1000000,0,120,0
267,Beautifly,Bug,Flying,70,50,1000000,1,45,0
268,Cascoon,Bug,,35,55,1000000,0,120,0
269,Dustox,Bug,Poison,50,70,1000000,1,45,0
278,Wingull,Water,Flying,30,30,1000000,0,190,0
279,Pelipper,Water,Flying,50,100,1000000,1,45,0
283,Surskit,Bug,Water,30,32,1000000,0,200,0
284,Masquerain,Bug,Flying,60,62,1000000,1,75,0
299,Nosepass,Rock,,45,135,1000000,0,255,0
307,Meditite,Fighting,Psychic,40,55,1000000,0,180,0
308,Medicham,Fighting,Psychic,60,75,1000000,1,90,0
308,Mega Medicham,Fighting,Psychic,100,85,1000000,1,90,0
311,Plusle,Electric,,50,40,1000000,1,200,0
312,Minun,Electric,,40,50,1000000,1,200,0
322,Numel,Fire,Ground,60,40,1000000,0,255,0
323,Camerupt,Fire,Ground,100,70,1000000,1,150,0
323,Mega Camerupt,Fire,Ground,120,100,1000000,1,150,0
324,Torkoal,Fire,,85,140,1000000,1,90,0
339,Barboach,Water,Ground,48,43,1000000,0,190,0
340,Whiscash,Water,Ground,78,73,1000000,1,75,0
343,Baltoy,Ground,Psychic,40,55,1000000,0,255,0
344,Claydol,Ground,Psychic,70,105,1000000,1,90,0
351,Castform,Normal,,70,70,1000000,1,45,0
360,Wynaut,Psychic,,23,48,1000000,0,125,0
361,Snorunt,Ice,,50,50,1000000,0,190,0
362,Glalie,Ice,,80,80,1000000,1,75,0
362,Mega Glalie,Ice,,120,80,1000000,1,75,0
399,Bidoof,Normal,,45,40,1000000,0,255,0
400,Bibarel,Normal,Water,85,60,1000000,1,127,0
412,Burmy,Bug,,29,45,1000000,0,120,0
413,Wormadam Plant Cloak,Bug,Grass,59,85,1000000,0,45,0
413,Wormadam Sandy Cloak,Bug,Ground,79,105,1000000,0,45,0
413,Wormadam Trash Cloak,Bug,Steel,69,95,1000000,0,45,0
414,Mothim,Bug,Flying,94,50,1000000,1,45,0
417,Pachirisu,Electric,,45,70,1000000,1,200,0
418,Buizel,Water,,65,35,1000000,0,190,0
419,Floatzel,Water,,105,55,1000000,1,75,0
420,Cherubi,Grass,,35,45,1000000,0,190,0
421,Cherrim,Grass,,60,70,1000000,1,75,0
422,Shellos,Water,,48,48,1000000,0,190,0
423,Gastrodon,Water,Ground,83,68,1000000,1,75,0
427,Buneary,Normal,,66,44,1000000,0,190,0
428,Lopunny,Normal,,76,84,1000000,1,60,0
428,Mega Lopunny,Normal,Fighting,136,94,1000000,1,60,0
434,Stunky,Poison,Dark,63,47,1000000,0,225,0
435,Skuntank,Poison,Dark,93,67,1000000,1,60,0
436,Bronzor,Steel,Psychic,24,86,1000000,0,255,0
437,Bronzong,Steel,Psychic,89,116,1000000,1,90,0
438,Bonsly,Rock,,80,95,1000000,0,255,0
439,Mime Jr.,Psychic,Fairy,25,45,1000000,0,145,0
442,Spiritomb,Ghost,Dark,92,108,1000000,1,100,0
453,Croagunk,Poison,Fighting,61,40,1000000,0,140,0
454,Toxicroak,Poison,Fighting,106,65,1000000,1,75,0
462,Magnezone,Electric,Steel,70,115,1000000,1,30,0
463,Lickilicky,Normal,,85,95,1000000,1,30,0
465,Tangrowth,Grass,,100,125,1000000,1,30,0
466,Electivire,Electric,,123,67,1000000,1,30,0
467,Magmortar,Fire,,95,67,1000000,1,30,0
469,Yanmega,Bug,Flying,76,86,1000000,1,30,0
470,Leafeon,Grass,,110,130,1000000,1,45,0
471,Glaceon,Ice,,60,110,1000000,1,45,0
474,Porygon-Z,Normal,,80,70,1000000,1,30,0
476,Probopass,Rock,Steel,55,145,1000000,1,60,0
478,Froslass,Ice,Ghost,80,70,1000000,1,75,0
479,Rotom,Electric,Ghost,50,77,1000000,1,45,0
479,Rotom-Wash,Electric,Water,65,107,1000000,1,45,0
479,Rotom-Heat,Electric,Fire,65,107,1000000,1,45,0
479,Rotom-Mow,Electric,Grass,65,107,1000000,1,45,0
479,Rotom-Frost,Electric,Ice,65,107,1000000,1,45,0
479,Rotom-Fan,Electric,Flying,65,107,1000000,1,45,0
504,Patrat,Normal,,55,39,1000000,0,255,0
505,Watchog,Normal,,85,69,1000000,1,255,0
509,Purrloin,Dark,,50,37,1000000,0,255,0
510,Liepard,Dark,,88,50,1000000,1,90,0
511,Pansage,Grass,,53,48,1000000,0,190,0
512,Simisage,Grass,,98,63,1000000,1,75,0
513,Pansear,Fire,,53,48,1000000,0,190,0
514,Simisear,Fire,,98,63,1000000,1,75,0
515,Panpour,Water,,53,48,1000000,0,190,0
516,Simipour,Water,,98,63,1000000,1,75,0
522,Blitzle,Electric,,60,32,1000000,0,190,0
523,Zebstrika,Electric,,100,63,1000000,1,75,0
527,Woobat,Psychic,Flying,45,43,1000000,0,190,0
528,Swoobat,Psychic,Flying,57,55,1000000,1,45,0
529,Drilbur,Ground,,85,40,1000000,0,120,0
530,Excadrill,Ground,Steel,135,60,1000000,1,60,0
538,Throh,Fighting,,100,85,1000000,1,45,0
539,Sawk,Fighting,,125,75,1000000,1,45,0
546,Cottonee,Grass,Fairy,27,60,1000000,0,190,0
547,Whimsicott,Grass,Fairy,67,85,1000000,1,75,0
548,Petilil,Grass,,35,50,1000000,0,190,0
549,Lilligant,Grass,,60,75,1000000,1,75,0
550,Basculin,Water,,92,65,1000000,1,25,0
556,Maractus,Grass,,86,67,1000000,1,255,0
557,Dwebble,Bug,Rock,65,85,1000000,0,190,0
558,Crustle,Bug,Rock,105,125,1000000,1,75,0
559,Scraggy,Dark,Fighting,75,70,1000000,0,180,0
560,Scrafty,Dark,Fighting,90,115,1000000,1,90,0
561,Sigilyph,Psychic,Flying,58,80,1000000,1,45,0
562,Yamask,Ghost,,30,85,1000000,0,190,0
562,Galarian Yamask,Ground,Ghost,55,85,1000000,0,190,0
563,Cofagrigus,Ghost,,50,145,1000000,1,90,0
564,Tirtouga,Water,Rock,78,103,1000000,0,45,0
565,Carracosta,Water,Rock,108,133,1000000,1,45,0
566,Archen,Rock,Flying,112,45,1000000,0,45,0
567,Archeops,Rock,Flying,140,65,1000000,1,45,0
568,Trubbish,Poison,,50,62,1000000,0,190,0
569,Garbodor,Poison,,95,82,1000000,1,60,0
580,Ducklett,Water,Flying,44,50,1000000,0,190,0
581,Swanna,Water,Flying,87,63,1000000,1,45,0
585,Deerling,Normal,Grass,60,50,1000000,0,190,0
586,Sawsbuck,Normal,Grass,100,70,1000000,1,75,0
587,Emolga,Electric,Flying,75,60,1000000,1,200,0
588,Karrablast,Bug,,75,45,1000000,0,200,0
589,Escavalier,Bug,Steel,135,105,1000000,1,75,0
590,Foongus,Grass,Poison,55,45,1000000,0,190,0
591,Amoonguss,Grass,Poison,85,70,1000000,1,75,0
592,Frillish,Water,Ghost,40,50,1000000,0,190,0
593,Jellicent,Water,Ghost,60,70,1000000,1,60,0
595,Joltik,Bug,Electric,47,50,1000000,0,190,0
596,Galvantula,Bug,Electric,77,60,1000000,1,75,0
597,Ferroseed,Grass,Steel,50,91,1000000,0,255,0
598,Ferrothorn,Grass,Steel,94,131,1000000,1,90,0
605,Elgyem,Psychic,,55,55,1000000,0,255,0
606,Beheeyem,Psychic,,75,75,1000000,1,90,0
613,Cubchoo,Ice,,70,40,1000000,0,120,0
614,Beartic,Ice,,130,80,1000000,1,60,0
615,Cryogonal,Ice,,50,50,1000000,1,25,0
616,Shelmet,Bug,,40,85,1000000,0,200,0
617,Accelgor,Bug,,70,40,1000000,1,75,0
618,Stunfisk,Ground,Electric,66,84,1000000,1,75,0
618,Galarian Stunfisk,Ground,Steel,81,99,1000000,1,75,0
621,Druddigon,Dragon,,120,90,1000000,1,45,0
622,Golett,Ground,Ghost,74,50,1000000,0,190,0
623,Golurk,Ground,Ghost,124,80,1000000,1,90,0
624,Pawniard,Dark,Steel,85,70,1000000,0,120,0
625,Bisharp,Dark,Steel,125,100,1000000,1,45,0
626,Bouffalant,Normal,,110,95,1000000,1,45,0
631,Heatmor,Fire,,97,66,1000000,1,90,0
632,Durant,Bug,Steel,109,112,1000000,1,90,0
659,Bunnelby,Normal,,36,38,1000000,0,255,0
660,Diggersby,Normal,Ground,56,77,1000000,1,127,0
664,Scatterbug,Bug,,35,40,1000000,0,255,0
665,Spewpa,Bug,,22,60,1000000,0,120,0
666,Vivillon,Bug,Flying,52,50,1000000,1,45,0
669,Flab­Tb­T,Fairy,,38,39,1000000,0,225,0
670,Floette,Fairy,,45,47,1000000,0,120,0
671,Florges,Fairy,,65,68,1000000,1,45,0
672,Skiddo,Grass,,65,48,1000000,0,200,0
673,Gogoat,Grass,,100,62,1000000,1,45,0
674,Pancham,Fighting,,82,62,1000000,0,220,0
675,Pangoro,Fighting,Dark,124,78,1000000,1,65,0
676,Furfrou,Normal,,80,60,1000000,1,160,0
677,Espurr,Psychic,,48,54,1000000,0,190,0
678,Meowstic,Psychic,,48,76,1000000,1,75,0
679,Honedge,Steel,Ghost,80,100,1000000,0,180,0
680,Doublade,Steel,Ghost,110,150,1000000,0,90,0
681,Aegislash Shield Form,Steel,Ghost,70,140,1000000,0,45,0
681,Aegislash Blade Form,Steel,Ghost,140,70,1000000,0,45,0
682,Spritzee,Fairy,,52,60,1000000,0,200,0
683,Aromatisse,Fairy,,72,72,1000000,1,140,0
684,Swirlix,Fairy,,48,66,1000000,0,200,0
685,Slurpuff,Fairy,,80,86,1000000,1,140,0
686,Inkay,Dark,Psychic,54,53,1000000,0,190,0
687,Malamar,Dark,Psychic,92,88,1000000,1,80,0
688,Binacle,Rock,Water,52,67,1000000,0,120,0
689,Barbaracle,Rock,Water,105,115,1000000,1,45,0
690,Skrelp,Poison,Water,60,60,1000000,0,225,0
691,Dragalge,Poison,Dragon,75,90,1000000,1,55,0
694,Helioptile,Electric,Normal,38,33,1000000,0,190,0
695,Heliolisk,Electric,Normal,55,52,1000000,1,75,0
696,Tyrunt,Rock,Dragon,89,77,1000000,0,45,0
697,Tyrantrum,Rock,Dragon,121,119,1000000,1,45,0
698,Amaura,Rock,Ice,59,50,1000000,0,45,0
699,Aurorus,Rock,Ice,77,72,1000000,1,45,0
700,Sylveon,Fairy,,65,65,1000000,1,45,0
701,Hawlucha,Fighting,Flying,92,75,1000000,1,100,0
702,Dedenne,Electric,Fairy,58,57,1000000,1,180,0
708,Phantump,Ghost,Grass,70,48,1000000,0,120,0
709,Trevenant,Ghost,Grass,110,76,1000000,1,60,0
710,Small Size Pumpkaboo,Ghost,Grass,66,70,1000000,0,120,0
710,Average Size Pumpkaboo,Ghost,Grass,66,70,1000000,0,120,0
710,Large Size Pumpkaboo,Ghost,Grass,66,70,1000000,0,120,0
710,Super Size Pumpkaboo,Ghost,Grass,66,70,1000000,0,120,0
711,Small Size Gourgeist,Ghost,Grass,85,122,1000000,0,60,0
711,Average Size Gourgeist,Ghost,Grass,90,122,1000000,0,60,0
711,Large Size Gourgeist,Ghost,Grass,95,122,1000000,0,60,0
711,Super Size Gourgeist,Ghost,Grass,100,122,1000000,0,60,0
712,Bergmite,Ice,,69,85,1000000,0,190,0
713,Avalugg,Ice,,117,184,1000000,1,55,0
714,Noibat,Flying,Dragon,30,35,1000000,0,190,0
715,Noivern,Flying,Dragon,70,80,1000000,1,45,0
731,Pikipek,Normal,Flying,75,30,1000000,0,255,0
732,Trumbeak,Normal,Flying,85,50,1000000,0,120,0
733,Toucannon,Normal,Flying,120,75,1000000,1,45,0
734,Yungoos,Normal,,70,30,1000000,0,255,0
735,Gumshoos,Normal,,110,60,1000000,1,127,0
736,Grubbin,Bug,,62,45,1000000,0,255,0
737,Charjabug,Bug,Electric,82,95,1000000,0,120,0
738,Vikavolt,Bug,Electric,70,90,1000000,1,45,0
739,Crabrawler,Fighting,,82,57,1000000,0,225,0
740,Crabominable,Fighting,Ice,132,77,1000000,1,60,0
741,Oricorio Baile Style,Fire,Flying,70,70,1000000,1,45,0
741,Oricorio Pom-Pom Style,Electric,Flying,70,70,1000000,1,45,0
741,Oricorio Pa'u Style,Psychic,Flying,70,70,1000000,1,45,0
741,Oricorio Sensu Style,Ghost,Flying,70,70,1000000,1,45,0
742,Cutiefly,Bug,Fairy,45,40,1000000,0,190,0
743,Ribombee,Bug,Fairy,55,60,1000000,1,75,0
744,Rockruff,Rock,,65,40,1000000,0,190,0
745,Lycanroc,Rock,,115,65,1000000,0,90,0
745,Lycanroc Midnight,Rock,,115,75,1000000,0,90,0
745,Lycanroc Dusk,Rock,,117,65,1000000,0,90,0
747,Mareanie,Poison,Water,53,62,1000000,0,190,0
748,Toxapex,Poison,Water,63,152,1000000,1,75,0
749,Mudbray,Ground,,100,70,1000000,0,190,0
750,Mudsdale,Ground,,125,100,1000000,1,60,0
751,Dewpider,Water,Bug,40,52,1000000,0,200,0
752,Araquanid,Water,Bug,70,92,1000000,1,100,0
753,Fomantis,Grass,,55,35,1000000,0,190,0
754,Lurantis,Grass,,105,90,1000000,1,75,0
755,Morelull,Grass,Fairy,35,55,1000000,0,190,0
756,Shiinotic,Grass,Fairy,45,80,1000000,1,75,0
757,Salandit,Poison,Fire,44,40,1000000,0,120,0
758,Salazzle,Poison,Fire,64,60,1000000,1,45,0
759,Stufful,Normal,Fighting,75,50,1000000,0,140,0
760,Bewear,Normal,Fighting,125,80,1000000,1,70,0
767,Wimpod,Bug,Water,35,40,1000000,0,90,0
768,Golisopod,Bug,Water,125,140,1000000,1,45,0
769,Sandygast,Ghost,Ground,55,80,1000000,0,140,0
770,Palossand,Ghost,Ground,75,110,1000000,1,60,0
776,Turtonator,Fire,Dragon,78,135,1000000,1,70,0
777,Togedemaru,Electric,Steel,98,63,1000000,1,180,0
778,Mimikyu,Ghost,Fairy,90,80,1000000,1,45,0
779,Bruxish,Water,Psychic,105,70,1000000,1,80,0
780,Drampa,Normal,Dragon,60,85,1000000,1,70,0
781,Dhelmise,Ghost,Grass,131,100,1000000,1,25,0
819,Skwovet,Normal,,55,55,1000000,0,255,0
820,Greedent,Normal,,95,95,1000000,1,90,0
824,Blipbug,Bug,,20,20,1000000,0,255,0
825,Dottler,Bug,Psychic,35,80,1000000,0,120,0
826,Orbeetle,Bug,Psychic,45,110,1000000,1,45,0
829,Gossifleur,Grass,,40,60,1000000,0,190,0
830,Eldegoss,Grass,,50,90,1000000,1,75,0
831,Wooloo,Normal,,40,55,1000000,0,255,0
832,Dubwool,Normal,,80,100,1000000,1,127,0
833,Chewtle,Water,,64,50,1000000,0,255,0
834,Drednaw,Water,Rock,115,90,1000000,1,75,0
843,Silicobra,Ground,,57,75,1000000,0,255,0
844,Sandaconda,Ground,,107,125,1000000,1,120,0
845,Cramorant,Flying,Water,85,55,1000000,1,45,0
850,Sizzlipede,Fire,Bug,65,45,1000000,0,190,0
851,Centiskorch,Fire,Bug,115,65,1000000,1,75,0
854,Sinistea,Ghost,,45,45,1000000,0,120,0
855,Polteageist,Ghost,,65,65,1000000,1,60,0
859,Impidimp,Dark,Fairy,45,30,1000000,0,255,0
860,Morgrem,Dark,Fairy,60,45,1000000,0,120,0
861,Grimmsnarl,Dark,Fairy,120,65,1000000,1,45,0
862,Obstagoon,Dark,Normal,90,101,1000000,1,45,0
863,Perrserker,Steel,,110,100,1000000,1,90,0
865,Sirfetch'd,Fighting,,135,95,1000000,1,45,0
866,Mr. Rime,Ice,Psychic,85,75,1000000,1,45,0
867,Runerigus,Ground,Ghost,95,145,1000000,1,90,0
868,Milcery,Fairy,,40,40,1000000,0,200,0
869,Alcremie,Fairy,,60,75,1000000,1,100,0
870,Falinks,Fighting,,100,100,1000000,1,45,0
871,Pincurchin,Electric,,101,95,1000000,1,75,0
872,Snom,Ice,Bug,25,35,1000000,0,190,0
873,Frosmoth,Ice,Bug,65,60,1000000,1,75,0
877,Morpeko,Electric,Dark,95,58,1000000,1,180,0
878,Cufant,Steel,,80,49,1000000,0,190,0
879,Copperajah,Steel,,130,69,1000000,1,90,0
884,Duraludon,Steel,Dragon,95,115,1000000,1,45,0
35,Clefairy,Fairy,,45,48,800000,0,150,0
36,Clefable,Fairy,,70,73,800000,1,25,0
39,Jigglypuff,Normal,Fairy,45,20,800000,0,170,0
40,Wigglytuff,Normal,Fairy,70,45,800000,1,50,0
113,Chansey,Normal,,5,5,800000,0,30,0
165,Ledyba,Bug,Flying,20,30,800000,0,255,0
166,Ledian,Bug,Flying,35,50,800000,1,90,0
167,Spinarak,Bug,Poison,60,40,800000,0,255,0
168,Ariados,Bug,Poison,90,70,800000,1,90,0
173,Cleffa,Fairy,,25,28,800000,0,150,0
174,Igglybuff,Normal,Fairy,30,15,800000,0,170,0
175,Togepi,Fairy,,20,65,800000,0,190,0
176,Togetic,Fairy,Flying,40,85,800000,0,75,0
183,Marill,Water,Fairy,20,50,800000,0,190,0
184,Azumarill,Water,Fairy,50,80,800000,1,75,0
190,Aipom,Normal,,70,55,800000,0,45,0
200,Misdreavus,Ghost,,60,60,800000,0,45,0
209,Snubbull,Fairy,,80,50,800000,0,190,0
210,Granbull,Fairy,,120,75,800000,1,75,0
222,Corsola,Water,Rock,55,95,800000,1,60,0
222,Galarian Corsola,Ghost,,55,100,800000,0,60,0
225,Delibird,Ice,Flying,55,45,800000,1,45,0
235,Smeargle,Normal,,20,35,800000,1,45,0
242,Blissey,Normal,,10,10,800000,1,30,0
298,Azurill,Normal,Fairy,20,40,800000,0,150,0
300,Skitty,Normal,,45,45,800000,0,255,0
301,Delcatty,Normal,,65,65,800000,1,60,0
303,Mawile,Steel,Fairy,85,85,800000,1,45,0
303,Mega Mawile,Steel,Fairy,105,125,800000,1,45,0
325,Spoink,Psychic,,25,35,800000,0,255,0
326,Grumpig,Psychic,,45,65,800000,1,60,0
327,Spinda,Normal,,60,60,800000,1,255,0
337,Lunatone,Rock,Psychic,55,65,800000,1,45,0
338,Solrock,Rock,Psychic,95,85,800000,1,45,0
353,Shuppet,Ghost,,75,35,800000,0,225,0
354,Banette,Ghost,,115,65,800000,1,45,0
354,Mega Banette,Ghost,,165,75,800000,1,45,0
355,Duskull,Ghost,,40,90,800000,0,190,0
356,Dusclops,Ghost,,70,130,800000,0,90,0
358,Chimecho,Psychic,,50,80,800000,1,45,0
370,Luvdisc,Water,,30,55,800000,1,225,0
424,Ambipom,Normal,,100,66,800000,1,45,0
429,Mismagius,Ghost,,60,60,800000,1,45,0
431,Glameow,Normal,,55,42,800000,0,190,0
432,Purugly,Normal,,82,64,800000,1,75,0
433,Chingling,Psychic,,30,50,800000,0,120,0
440,Happiny,Normal,,5,5,800000,0,130,0
468,Togekiss,Fairy,Flying,50,95,800000,1,30,0
477,Dusknoir,Ghost,,100,135,800000,1,45,0
517,Munna,Psychic,,25,45,800000,0,190,0
518,Musharna,Psychic,,55,85,800000,1,75,0
531,Audino,Normal,,60,86,800000,1,255,0
531,Mega Audino,Normal,Fairy,60,126,800000,1,255,0
572,Minccino,Normal,,50,40,800000,0,255,0
573,Cinccino,Normal,,95,60,800000,1,60,0
594,Alomomola,Water,,75,80,800000,1,75,0
707,Klefki,Steel,Fairy,80,91,800000,1,75,0
746,Wishiwashi,Water,,20,20,800000,0,60,0
746,Wishiwashi School,Water,,140,130,800000,0,60,0
764,Comfey,Fairy,,52,90,800000,1,60,0
771,Pyukumuku,Water,,60,130,800000,1,60,0
827,Nickit,Dark,,28,28,800000,0,255,0
828,Thievul,Dark,,58,58,800000,1,127,0
835,Yamper,Electric,,45,50,800000,0,255,0
836,Boltund,Electric,,90,60,800000,1,45,0
864,Cursola,Ghost,,95,50,800000,1,30,0
876,Indeedee,Psychic,Normal,65,55,800000,0,30,0
290,Nincada,Bug,Ground,45,90,600000,0,255,0
291,Ninjask,Bug,Flying,90,45,600000,1,120,0
292,Shedinja,Bug,Ghost,90,45,600000,1,45,0
313,Volbeat,Bug,,73,75,600000,1,150,0
333,Swablu,Normal,Flying,40,60,600000,0,255,0
334,Altaria,Dragon,Flying,70,90,600000,1,45,0
334,Mega Altaria,Dragon,Fairy,110,110,600000,1,45,0
335,Zangoose,Normal,,115,60,600000,1,90,0
345,Lileep,Rock,Grass,41,77,600000,0,45,0
346,Cradily,Rock,Grass,81,97,600000,1,45,0
347,Anorith,Rock,Bug,95,50,600000,0,45,0
348,Armaldo,Rock,Bug,125,100,600000,1,45,0
349,Feebas,Water,,15,20,600000,0,255,0
350,Milotic,Water,,60,79,600000,1,60,0
366,Clamperl,Water,,64,85,600000,0,255,0
367,Huntail,Water,,104,105,600000,1,60,0
368,Gorebyss,Water,,84,105,600000,1,60,0
408,Cranidos,Rock,,125,40,600000,0,45,0
409,Rampardos,Rock,,165,60,600000,1,45,0
410,Shieldon,Rock,Steel,42,118,600000,0,45,0
411,Bastiodon,Rock,Steel,52,168,600000,1,45,0
456,Finneon,Water,,49,56,600000,0,190,0
457,Lumineon,Water,,69,76,600000,1,75,0
840,Applin,Grass,Dragon,40,80,600000,0,255,0
841,Flapple,Grass,Dragon,110,80,600000,1,45,0
842,Appletun,Grass,Dragon,85,80,600000,1,45,0
32,Nidoran??Poison,,"['Hustle', 'Poison Point', 'Rivalry']",40,40,0,235,0,0
