,Number,Name,Type1,Type2,Att,Def,Experience,FinalEvolution,CatchRate,Legendary
1,286,Breloom,Grass,Fighting,130,80,1640000,1,90,0
3,297,Hariyama,Fighting,,120,60,1640000,1,200,0
4,314,Illumise,Bug,,47,75,1640000,1,150,0
6,317,Swalot,Poison,,73,83,1640000,1,75,0
8,321,Wailord,Water,,90,45,1640000,1,60,0
9,336,Seviper,Poison,,100,60,1640000,1,90,0
11,342,Crawdaunt,Water,Dark,120,85,1640000,1,155,0
13,426,Drifblim,Ghost,Flying,80,44,1640000,1,60,0
15,59,Arcanine,Fire,,110,80,1250000,1,75,0
17,73,Tentacruel,Water,Poison,70,65,1250000,1,60,0
19,91,Cloyster,Water,Ice,95,180,1250000,1,60,0
21,103,Exeggutor,Grass,Psychic,95,85,1250000,1,45,0
22,103,Alolan Exeggutor,Grass,Dragon,105,85,1250000,1,45,0
26,121,Starmie,Water,Psychic,75,85,1250000,1,60,0
27,127,Pinsir,Bug,,125,100,1250000,1,45,0
28,127,Mega Pinsir,Bug,Flying,155,120,1250000,1,45,0
29,128,Tauros,Normal,,100,95,1250000,1,45,0
31,130,Gyarados,Water,Flying,125,79,1250000,1,45,0
32,130,Mega Gyarados,Water,Dark,155,109,1250000,1,45,0
33,131,Lapras,Water,Ice,85,80,1250000,1,45,0
34,142,Aerodactyl,Rock,Flying,105,65,1250000,1,45,0
35,142,Mega Aerodactyl,Rock,Flying,135,85,1250000,1,45,0
36,143,Snorlax,Normal,,110,65,1250000,1,25,0
37,144,Articuno,Ice,Flying,85,100,1250000,1,3,1
38,144,Galarian Articuno,Psychic,Flying,85,85,1250000,1,3,1
39,145,Zapdos,Electric,Flying,90,85,1250000,1,3,1
40,145,Galarian Zapdos,Fighting,Flying,125,90,1250000,1,3,1
41,146,Moltres,Fire,Flying,100,90,1250000,1,3,1
42,146,Galarian Moltres,Dark,Flying,85,90,1250000,1,3,1
45,149,Dragonite,Dragon,Flying,134,95,1250000,1,45,0
46,150,Mewtwo,Psychic,,110,90,1250000,1,3,1
47,150,Mega Mewtwo Y,Psychic,,150,70,1250000,1,3,1
48,150,Mega Mewtwo X,Psychic,Fighting,190,100,1250000,1,3,1
50,171,Lanturn,Water,Electric,58,58,1250000,1,75,0
51,214,Heracross,Bug,Fighting,125,75,1250000,1,45,0
52,214,Mega Heracross,Bug,Fighting,185,115,1250000,1,45,0
55,226,Mantine,Water,Flying,40,70,1250000,1,25,0
56,227,Skarmory,Steel,Flying,80,140,1250000,1,25,0
58,229,Houndoom,Dark,Fire,90,50,1250000,1,45,0
59,229,Mega Houndoom,Dark,Fire,90,90,1250000,1,45,0
60,234,Stantler,Normal,,95,62,1250000,1,45,0
61,241,Miltank,Normal,,80,105,1250000,1,45,0
62,243,Raikou,Electric,,85,75,1250000,1,3,1
63,244,Entei,Fire,,115,85,1250000,1,3,1
64,245,Suicune,Water,,75,115,1250000,1,3,1
67,248,Tyranitar,Rock,Dark,134,110,1250000,1,45,0
68,248,Mega Tyranitar,Rock,Dark,164,150,1250000,1,45,0
69,249,Lugia,Psychic,Flying,90,130,1250000,1,3,1
70,250,Ho-Oh,Fire,Flying,130,90,1250000,1,3,1
73,282,Gardevoir,Psychic,Fairy,65,65,1250000,1,45,0
74,282,Mega Gardevoir,Psychic,Fairy,85,65,1250000,1,45,0
77,289,Slaking,Normal,,160,100,1250000,1,45,0
80,306,Aggron,Steel,Rock,110,180,1250000,1,45,0
81,306,Mega Aggron,Steel,,140,230,1250000,1,45,0
83,310,Manectric,Electric,,75,60,1250000,1,45,0
84,310,Mega Manectric,Electric,,75,80,1250000,1,45,0
86,319,Sharpedo,Water,Dark,120,40,1250000,1,60,0
87,319,Mega Sharpedo,Water,Dark,140,70,1250000,1,60,0
88,357,Tropius,Grass,Flying,68,83,1250000,1,200,0
89,369,Relicanth,Water,Rock,90,130,1250000,1,25,0
92,373,Salamence,Dragon,Flying,135,80,1250000,1,45,0
93,373,Mega Salamence,Dragon,Flying,145,130,1250000,1,45,0
96,376,Metagross,Steel,Psychic,135,130,1250000,1,3,0
97,376,Mega Metagross,Steel,Psychic,145,150,1250000,1,3,0
98,377,Regirock,Rock,,100,200,1250000,1,3,1
99,378,Regice,Ice,,50,100,1250000,1,3,1
100,379,Registeel,Steel,,75,150,1250000,1,3,1
101,380,Latias,Dragon,Psychic,80,90,1250000,1,3,1
102,380,Mega Latias,Dragon,Psychic,100,120,1250000,1,3,1
103,381,Latios,Dragon,Psychic,90,80,1250000,1,3,1
104,381,Mega Latios,Dragon,Psychic,130,100,1250000,1,3,1
105,382,Kyogre,Water,,100,90,1250000,1,3,1
106,382,Primal Kyogre,Water,,150,90,1250000,1,3,1
107,383,Groudon,Ground,,150,140,1250000,1,3,1
108,383,Primal Groudon,Ground,Fire,180,160,1250000,1,3,1
109,384,Rayquaza,Dragon,Flying,150,90,1250000,1,45,1
110,384,Mega Rayquaza,Dragon,Flying,180,100,1250000,1,45,1
111,385,Jirachi,Steel,Psychic,100,100,1250000,1,3,1
112,386,Deoxys Normal Form,Psychic,,150,50,1250000,1,3,1
113,386,Deoxys Defense Form,Psychic,,70,160,1250000,1,3,1
114,386,Deoxys Attack Form,Psychic,,180,20,1250000,1,3,1
115,386,Deoxys Speed Form,Psychic,,95,90,1250000,1,3,1
118,445,Garchomp,Dragon,Ground,130,95,1250000,1,45,0
119,445,Mega Garchomp,Dragon,Ground,170,115,1250000,1,45,0
122,450,Hippowdon,Ground,,112,118,1250000,1,60,0
124,452,Drapion,Poison,Dark,90,110,1250000,1,45,0
125,455,Carnivine,Grass,,100,72,1250000,1,200,0
128,460,Abomasnow,Grass,Ice,92,75,1250000,1,60,0
129,460,Mega Abomasnow,Grass,Ice,132,105,1250000,1,60,0
130,464,Rhyperior,Ground,Rock,140,130,1250000,1,30,0
131,473,Mamoswine,Ice,Ground,130,80,1250000,1,50,0
132,475,Gallade,Psychic,Fighting,125,65,1250000,1,45,0
133,475,Mega Gallade,Psychic,Fighting,165,95,1250000,1,45,0
134,480,Uxie,Psychic,,75,130,1250000,1,3,1
135,481,Mesprit,Psychic,,105,105,1250000,1,3,1
136,482,Azelf,Psychic,,125,70,1250000,1,3,1
137,483,Dialga,Steel,Dragon,120,120,1250000,1,3,1
138,484,Palkia,Water,Dragon,120,100,1250000,1,3,1
139,485,Heatran,Fire,Steel,90,106,1250000,1,3,1
140,486,Regigigas,Normal,,160,110,1250000,1,3,1
141,487,Giratina,Ghost,Dragon,100,120,1250000,1,3,1
142,487,Giratina-Origin,Dragon,Ghost,120,100,1250000,1,3,1
143,488,Cresselia,Psychic,,70,120,1250000,1,3,1
144,489,Phione,Water,,80,80,1250000,1,30,1
145,490,Manaphy,Water,,100,100,1250000,1,3,1
146,491,Darkrai,Dark,,90,90,1250000,1,3,1
147,493,Arceus,Normal,,120,120,1250000,1,3,1
148,494,Victini,Psychic,Fire,100,100,1250000,1,3,1
151,584,Vanilluxe,Ice,,95,85,1250000,1,45,0
154,604,Eelektross,Electric,,115,80,1250000,1,30,0
157,612,Haxorus,Dragon,,147,90,1250000,1,45,0
159,628,Braviary,Normal,Flying,123,75,1250000,1,60,0
161,630,Mandibuzz,Dark,Flying,65,105,1250000,1,60,0
164,635,Hydreigon,Dark,Dragon,105,90,1250000,1,45,0
166,637,Volcarona,Bug,Fire,60,65,1250000,1,15,0
167,638,Cobalion,Steel,Fighting,90,129,1250000,1,3,1
168,639,Terrakion,Rock,Fighting,129,90,1250000,1,3,1
169,640,Virizion,Grass,Fighting,90,72,1250000,1,3,1
170,641,Tornadus,Flying,,115,70,1250000,1,3,1
171,641,Tornadus-Therian,Flying,,100,80,1250000,1,3,1
172,642,Thundurus,Electric,Flying,115,70,1250000,1,3,1
173,642,Thundurus-Therian,Electric,Flying,105,70,1250000,1,3,1
174,643,Reshiram,Dragon,Fire,120,100,1250000,1,3,1
175,644,Zekrom,Dragon,Electric,150,120,1250000,1,3,1
176,645,Landorus,Ground,Flying,125,90,1250000,1,3,1
177,645,Landorus-Therian,Ground,Flying,145,90,1250000,1,3,1
178,646,Kyurem,Dragon,Ice,130,90,1250000,1,3,1
179,646,White Kyurem,Dragon,Ice,120,90,1250000,1,3,1
180,646,Black Kyurem,Dragon,Ice,170,100,1250000,1,3,1
181,647,Keldeo,Water,Fighting,72,90,1250000,1,3,1
182,648,Meloetta,Normal,Psychic,77,77,1250000,1,3,1
183,648,Meloetta-Pirouette,Normal,Fighting,128,90,1250000,1,3,1
184,649,Genesect,Bug,Steel,120,95,1250000,1,3,1
186,693,Clawitzer,Water,,73,88,1250000,1,55,0
187,703,Carbink,Rock,Fairy,50,150,1250000,1,60,0
190,706,Goodra,Dragon,,100,70,1250000,1,45,0
191,716,Xerneas,Fairy,,131,95,1250000,1,45,1
192,717,Yveltal,Dark,Flying,131,95,1250000,1,45,1
193,718,Zygarde,Dragon,Ground,100,121,1250000,1,3,1
194,718,Zygarde 10%,Dragon,Ground,100,71,1250000,1,3,1
195,718,Zygarde Complete,Dragon,Ground,100,121,1250000,1,3,1
196,719,Mega Diancie,Rock,Fairy,160,110,1250000,1,3,1
197,719,Diancie,Rock,Fairy,100,150,1250000,1,3,1
198,720,Hoopa,Psychic,Ghost,110,60,1250000,1,3,1
199,720,Hoopa Unbound,Psychic,Dark,160,60,1250000,1,3,1
200,721,Volcanion,Fire,Water,110,120,1250000,1,3,1
201,765,Oranguru,Normal,Psychic,60,80,1250000,1,45,0
202,766,Passimian,Fighting,,120,90,1250000,1,45,0
204,773,Silvally,Normal,,95,95,1250000,1,3,1
205,775,Komala,Normal,,115,65,1250000,1,45,0
208,784,Kommo-o,Dragon,Fighting,110,125,1250000,1,45,0
209,785,Tapu Koko,Electric,Fairy,115,85,1250000,1,3,1
210,786,Tapu Lele,Psychic,Fairy,85,75,1250000,1,3,1
211,787,Tapu Bulu,Grass,Fairy,130,115,1250000,1,3,1
212,788,Tapu Fini,Water,Fairy,75,115,1250000,1,3,1
215,791,Solgaleo,Psychic,Steel,137,107,1250000,1,45,1
216,792,Lunala,Psychic,Ghost,113,89,1250000,1,45,1
217,793,Nihilego,Rock,Poison,53,47,1250000,1,45,1
218,794,Buzzwole,Bug,Fighting,139,139,1250000,1,45,1
219,795,Pheromosa,Bug,Fighting,137,37,1250000,1,45,1
220,796,Xurkitree,Electric,,89,71,1250000,1,45,1
221,797,Celesteela,Steel,Flying,101,103,1250000,1,45,1
222,798,Kartana,Grass,Steel,181,131,1250000,1,45,1
223,799,Guzzlord,Dark,Dragon,101,53,1250000,1,45,1
224,800,Necrozma,Psychic,,107,101,1250000,1,255,1
225,800,Dusk Mane Necrozma,Psychic,Steel,157,127,1250000,1,255,1
226,800,Dawn Wings Necrozma,Psychic,Ghost,113,109,1250000,1,255,1
227,800,Ultra Necrozma,Psychic,Dragon,167,97,1250000,1,255,1
228,801,Magearna,Steel,Fairy,95,115,1250000,1,3,1
229,802,Marshadow,Fighting,Ghost,125,80,1250000,1,3,1
231,804,Naganadel,Poison,Dragon,73,73,1250000,1,45,1
232,805,Stakataka,Rock,Steel,131,211,1250000,1,30,1
233,806,Blacephalon,Fire,Ghost,127,53,1250000,1,30,1
234,807,Zeraora,Electric,,112,75,1250000,1,3,1
236,809,Melmetal,Steel,,143,143,1250000,1,3,1
238,847,Barraskewda,Water,,123,60,1250000,1,60,0
241,858,Hatterene,Psychic,Fairy,90,95,1250000,1,45,0
242,874,Stonjourner,Rock,,125,135,1250000,1,60,0
245,880,Dracozolt,Electric,Dragon,100,90,1250000,1,45,0
246,881,Arctozolt,Electric,Ice,100,90,1250000,1,45,0
247,882,Dracovish,Water,Dragon,90,100,1250000,1,45,0
248,883,Arctovish,Water,Ice,90,100,1250000,1,45,0
251,887,Dragapult,Dragon,Ghost,120,75,1250000,1,45,0
252,888,Zacian,Fairy,,130,115,1250000,1,10,1
253,888,Zacian Crowned Sword,Fairy,Steel,170,115,1250000,1,10,1
254,889,Zamazenta,Fighting,,130,115,1250000,1,10,1
255,889,Zamazenta Crowned Shield,Fighting,Steel,130,145,1250000,1,10,1
256,890,Eternatus,Poison,Dragon,85,95,1250000,1,255,1
258,892,Urshifu Rapid Strike Style,Fighting,Water,130,100,1250000,1,3,1
259,892,Urshifu Single Strike Style,Fighting,Dark,130,100,1250000,1,3,1
260,893,Zarude,Dark,Grass,120,105,1250000,1,3,1
261,894,Regieleki,Electric,,100,50,1250000,1,3,1
262,895,Regidrago,Dragon,,100,50,1250000,1,3,1
263,896,Glastrier,Ice,,145,130,1250000,1,3,1
264,897,Spectrier,Ghost,,65,60,1250000,1,3,1
265,898,Calyrex,Psychic,Grass,80,80,1250000,1,3,1
266,898,Calyrex Ice Rider,Psychic,Ice,165,150,1250000,1,3,1
267,898,Calyrex Shadow Rider,Psychic,Ghost,85,80,1250000,1,3,1
270,3,Venusaur,Grass,Poison,82,83,1059860,1,45,0
271,3,Mega Venusaur,Grass,Poison,100,123,1059860,1,45,0
274,6,Charizard,Fire,Flying,84,78,1059860,1,45,0
275,6,Mega Charizard Y,Fire,Flying,104,78,1059860,1,45,0
276,6,Mega Charizard X,Fire,Dragon,130,111,1059860,1,45,0
279,9,Blastoise,Water,,83,100,1059860,1,45,0
280,9,Mega Blastoise,Water,,103,120,1059860,1,45,0
283,18,Pidgeot,Normal,Flying,80,75,1059860,1,45,0
284,18,Mega Pidgeot,Normal,Flying,80,80,1059860,1,45,0
287,31,Nidoqueen,Poison,Ground,92,87,1059860,1,45,0
289,34,Nidoking,Poison,Ground,102,77,1059860,1,45,0
292,45,Vileplume,Grass,Poison,80,85,1059860,1,45,0
295,62,Poliwrath,Water,Fighting,95,95,1059860,1,45,0
298,65,Alakazam,Psychic,,50,45,1059860,1,50,0
299,65,Mega Alakazam,Psychic,,50,65,1059860,1,50,0
302,68,Machamp,Fighting,,130,80,1059860,1,45,0
305,71,Victreebel,Grass,Poison,105,65,1059860,1,45,0
310,76,Golem,Rock,Ground,120,130,1059860,1,45,0
311,76,Alolan Golem,Rock,Electric,120,130,1059860,1,45,0
314,94,Gengar,Ghost,Poison,65,60,1059860,1,45,0
315,94,Mega Gengar,Ghost,Poison,65,80,1059860,1,45,0
316,151,Mew,Psychic,,100,100,1059860,1,45,1
319,154,Meganium,Grass,,82,100,1059860,1,45,0
322,157,Typhlosion,Fire,,84,78,1059860,1,45,0
325,160,Feraligatr,Water,,105,100,1059860,1,45,0
328,181,Ampharos,Electric,,75,85,1059860,1,45,0
329,181,Mega Ampharos,Electric,Dragon,95,105,1059860,1,45,0
330,182,Bellossom,Grass,,80,95,1059860,1,45,0
331,186,Politoed,Water,,75,75,1059860,1,45,0
334,189,Jumpluff,Grass,Flying,55,70,1059860,1,45,0
336,192,Sunflora,Grass,,75,55,1059860,1,120,0
339,213,Shuckle,Bug,Rock,10,230,1059860,1,190,0
341,251,Celebi,Psychic,Grass,100,100,1059860,1,45,1
344,254,Sceptile,Grass,,85,65,1059860,1,45,0
345,254,Mega Sceptile,Grass,Dragon,110,75,1059860,1,45,0
348,257,Blaziken,Fire,Fighting,120,70,1059860,1,45,0
349,257,Mega Blaziken,Fire,Fighting,160,80,1059860,1,45,0
352,260,Swampert,Water,Ground,110,90,1059860,1,45,0
353,260,Mega Swampert,Water,Ground,150,110,1059860,1,45,0
356,272,Ludicolo,Water,Grass,70,70,1059860,1,45,0
359,275,Shiftry,Grass,Dark,100,60,1059860,1,45,0
361,277,Swellow,Normal,Flying,85,60,1059860,1,45,0
364,295,Exploud,Normal,,91,63,1059860,1,45,0
365,302,Sableye,Dark,Ghost,75,75,1059860,1,45,0
366,302,Mega Sableye,Dark,Ghost,85,125,1059860,1,45,0
370,330,Flygon,Ground,Dragon,100,80,1059860,1,45,0
372,332,Cacturne,Grass,Dark,115,60,1059860,1,60,0
373,352,Kecleon,Normal,,90,70,1059860,1,200,0
374,359,Absol,Dark,,130,60,1059860,1,30,0
375,359,Mega Absol,Dark,,150,60,1059860,1,30,0
378,365,Walrein,Ice,Water,80,90,1059860,1,45,0
381,389,Torterra,Grass,Ground,109,105,1059860,1,45,0
384,392,Infernape,Fire,Fighting,104,71,1059860,1,45,0
387,395,Empoleon,Water,Steel,86,88,1059860,1,45,0
390,398,Staraptor,Normal,Flying,120,70,1059860,1,45,0
392,402,Kricketune,Bug,,85,51,1059860,1,45,0
395,405,Luxray,Electric,,120,79,1059860,1,45,0
397,407,Roserade,Grass,Poison,70,65,1059860,1,75,0
399,416,Vespiquen,Bug,Flying,80,102,1059860,1,45,0
400,430,Honchkrow,Dark,Flying,125,52,1059860,1,30,0
401,441,Chatot,Normal,Flying,65,45,1059860,1,30,0
403,448,Lucario,Fighting,Steel,110,70,1059860,1,45,0
404,448,Mega Lucario,Fighting,Steel,145,88,1059860,1,45,0
405,461,Weavile,Dark,Ice,120,65,1059860,1,45,0
406,472,Gliscor,Ground,Flying,95,125,1059860,1,30,0
407,492,Shaymin,Grass,,100,100,1059860,1,45,1
408,492,Shaymin-Sky,Grass,Flying,103,75,1059860,1,45,1
411,497,Serperior,Grass,,75,95,1059860,1,45,0
414,500,Emboar,Fire,Fighting,123,65,1059860,1,45,0
417,503,Samurott,Water,,100,85,1059860,1,45,0
420,508,Stoutland,Normal,,110,90,1059860,1,45,0
423,521,Unfezant,Normal,Flying,115,80,1059860,1,45,0
426,526,Gigalith,Rock,,135,130,1059860,1,45,0
429,534,Conkeldurr,Fighting,,140,95,1059860,1,45,0
432,537,Seismitoad,Water,Ground,95,75,1059860,1,45,0
435,542,Leavanny,Bug,Grass,103,80,1059860,1,45,0
438,545,Scolipede,Bug,Poison,100,89,1059860,1,45,0
441,553,Krookodile,Ground,Dark,117,80,1059860,1,45,0
449,571,Zoroark,Dark,,105,60,1059860,1,45,0
452,576,Gothitelle,Psychic,,55,95,1059860,1,50,0
455,579,Reuniclus,Psychic,,65,75,1059860,1,50,0
458,601,Klinklang,Steel,,100,115,1059860,1,30,0
461,609,Chandelure,Ghost,Fire,55,90,1059860,1,45,0
463,620,Mienshao,Fighting,,125,60,1059860,1,45,0
466,652,Chesnaught,Grass,Fighting,107,122,1059860,1,45,0
469,655,Delphox,Fire,Psychic,69,72,1059860,1,45,0
472,658,Greninja,Water,Dark,95,67,1059860,1,45,0
473,658,Ash-Greninja,Water,Dark,145,67,1059860,1,45,0
476,663,Talonflame,Fire,Flying,81,71,1059860,1,45,0
478,668,Pyroar,Fire,Normal,68,72,1059860,1,65,0
481,724,Decidueye,Grass,Ghost,107,75,1059860,1,45,0
484,727,Incineroar,Fire,Dark,115,90,1059860,1,45,0
487,730,Primarina,Water,Fairy,74,74,1059860,1,45,0
490,763,Tsareena,Grass,,120,98,1059860,1,45,0
495,812,Rillaboom,Grass,,125,90,1059860,1,45,0
498,815,Cinderace,Fire,,116,75,1059860,1,45,0
501,818,Inteleon,Water,,85,65,1059860,1,45,0
504,823,Corviknight,Flying,Steel,87,105,1059860,1,45,0
507,839,Coalossal,Rock,Fire,80,120,1059860,1,45,0
511,853,Grapploct,Fighting,,118,90,1059860,1,45,0
514,12,Butterfree,Bug,Flying,45,50,1000000,1,45,0
517,15,Beedrill,Bug,Poison,90,40,1000000,1,45,0
518,15,Mega Beedrill,Bug,Poison,150,40,1000000,1,45,0
521,20,Raticate,Normal,,81,60,1000000,1,127,0
522,20,Alolan Raticate,Dark,Normal,71,70,1000000,1,127,0
524,22,Fearow,Normal,Flying,90,65,1000000,1,90,0
526,24,Arbok,Poison,,95,69,1000000,1,90,0
528,26,Raichu,Electric,,90,55,1000000,1,75,0
529,26,Alolan Raichu,Electric,Psychic,85,50,1000000,1,75,0
532,28,Sandslash,Ground,,100,110,1000000,1,90,0
533,28,Alolan Sandslash,Ice,Steel,100,120,1000000,1,90,0
536,38,Ninetales,Fire,,76,75,1000000,1,75,0
537,38,Alolan Ninetales,Ice,Fairy,67,75,1000000,1,75,0
541,47,Parasect,Bug,Grass,95,80,1000000,1,75,0
543,49,Venomoth,Bug,Poison,65,60,1000000,1,75,0
546,51,Dugtrio,Ground,,100,50,1000000,1,50,0
547,51,Alolan Dugtrio,Ground,Steel,100,60,1000000,1,50,0
551,53,Persian,Normal,,70,60,1000000,1,90,0
552,53,Alolan Persian,Dark,,60,60,1000000,1,90,0
554,55,Golduck,Water,,82,78,1000000,1,75,0
556,57,Primeape,Fighting,,105,60,1000000,1,75,0
559,78,Rapidash,Fire,,100,70,1000000,1,60,0
560,78,Galarian Rapidash,Psychic,Fairy,100,70,1000000,1,60,0
563,80,Slowbro,Water,Psychic,75,110,1000000,1,75,0
564,80,Mega Slowbro,Water,Psychic,75,180,1000000,1,75,0
565,80,Galarian Slowbro,Poison,Psychic,100,95,1000000,1,75,0
568,83,Farfetch'd,Normal,Flying,90,55,1000000,1,45,0
571,85,Dodrio,Normal,Flying,110,70,1000000,1,45,0
573,87,Dewgong,Water,Ice,70,80,1000000,1,75,0
576,89,Muk,Poison,,105,75,1000000,1,75,0
577,89,Alolan Muk,Poison,Dark,105,75,1000000,1,75,0
580,97,Hypno,Psychic,,73,70,1000000,1,75,0
582,99,Kingler,Water,,130,115,1000000,1,60,0
584,101,Electrode,Electric,,50,70,1000000,1,60,0
586,105,Marowak,Ground,,80,110,1000000,1,75,0
587,105,Alolan Marowak,Fire,Ghost,80,110,1000000,1,75,0
588,106,Hitmonlee,Fighting,,120,53,1000000,1,45,0
589,107,Hitmonchan,Fighting,,105,79,1000000,1,45,0
592,110,Weezing,Poison,,90,120,1000000,1,60,0
593,110,Galarian Weezing,Poison,Fairy,90,120,1000000,1,60,0
595,115,Kangaskhan,Normal,,95,80,1000000,1,45,0
596,115,Mega Kangaskhan,Normal,,125,100,1000000,1,45,0
600,119,Seaking,Water,,92,65,1000000,1,60,0
601,122,Mr. Mime,Psychic,Fairy,45,65,1000000,1,45,0
604,124,Jynx,Ice,Psychic,50,35,1000000,1,45,0
607,132,Ditto,Normal,,48,48,1000000,1,35,0
609,134,Vaporeon,Water,,65,60,1000000,1,45,0
610,135,Jolteon,Electric,,65,60,1000000,1,45,0
611,136,Flareon,Fire,,130,60,1000000,1,45,0
614,139,Omastar,Rock,Water,60,125,1000000,1,45,0
616,141,Kabutops,Rock,Water,115,105,1000000,1,45,0
618,162,Furret,Normal,,76,64,1000000,1,90,0
620,164,Noctowl,Normal,Flying,50,50,1000000,1,90,0
621,169,Crobat,Poison,Flying,90,80,1000000,1,90,0
624,178,Xatu,Psychic,Flying,75,70,1000000,1,75,0
625,185,Sudowoodo,Rock,,100,115,1000000,1,65,0
628,195,Quagsire,Water,Ground,85,85,1000000,1,90,0
629,196,Espeon,Psychic,,65,60,1000000,1,45,0
630,197,Umbreon,Dark,,65,110,1000000,1,45,0
631,199,Slowking,Water,Psychic,75,80,1000000,1,70,0
632,199,Galarian Slowking,Poison,Psychic,65,80,1000000,1,70,0
633,201,Unown,Psychic,,72,48,1000000,1,225,0
634,202,Wobbuffet,Psychic,,33,58,1000000,1,45,0
635,203,Girafarig,Normal,Psychic,80,65,1000000,1,60,0
637,205,Forretress,Bug,Steel,90,140,1000000,1,75,0
638,206,Dunsparce,Normal,,70,70,1000000,1,190,0
639,208,Steelix,Steel,Ground,85,200,1000000,1,25,0
640,208,Mega Steelix,Steel,Ground,125,230,1000000,1,25,0
641,211,Qwilfish,Water,Poison,95,85,1000000,1,45,0
642,212,Scizor,Bug,Steel,130,100,1000000,1,25,0
643,212,Mega Scizor,Bug,Steel,150,140,1000000,1,25,0
645,217,Ursaring,Normal,,130,75,1000000,1,60,0
647,219,Magcargo,Fire,Rock,50,120,1000000,1,75,0
649,224,Octillery,Water,,105,75,1000000,1,75,0
650,230,Kingdra,Water,Dragon,95,95,1000000,1,45,0
652,232,Donphan,Ground,,120,120,1000000,1,60,0
655,237,Hitmontop,Fighting,,95,95,1000000,1,45,0
660,262,Mightyena,Dark,,90,70,1000000,1,127,0
663,264,Linoone,Normal,,70,61,1000000,1,90,0
667,267,Beautifly,Bug,Flying,70,50,1000000,1,45,0
669,269,Dustox,Bug,Poison,50,70,1000000,1,45,0
671,279,Pelipper,Water,Flying,50,100,1000000,1,45,0
673,284,Masquerain,Bug,Flying,60,62,1000000,1,75,0
676,308,Medicham,Fighting,Psychic,60,75,1000000,1,90,0
677,308,Mega Medicham,Fighting,Psychic,100,85,1000000,1,90,0
678,311,Plusle,Electric,,50,40,1000000,1,200,0
679,312,Minun,Electric,,40,50,1000000,1,200,0
681,323,Camerupt,Fire,Ground,100,70,1000000,1,150,0
682,323,Mega Camerupt,Fire,Ground,120,100,1000000,1,150,0
683,324,Torkoal,Fire,,85,140,1000000,1,90,0
685,340,Whiscash,Water,Ground,78,73,1000000,1,75,0
687,344,Claydol,Ground,Psychic,70,105,1000000,1,90,0
688,351,Castform,Normal,,70,70,1000000,1,45,0
691,362,Glalie,Ice,,80,80,1000000,1,75,0
692,362,Mega Glalie,Ice,,120,80,1000000,1,75,0
694,400,Bibarel,Normal,Water,85,60,1000000,1,127,0
699,414,Mothim,Bug,Flying,94,50,1000000,1,45,0
700,417,Pachirisu,Electric,,45,70,1000000,1,200,0
702,419,Floatzel,Water,,105,55,1000000,1,75,0
704,421,Cherrim,Grass,,60,70,1000000,1,75,0
706,423,Gastrodon,Water,Ground,83,68,1000000,1,75,0
708,428,Lopunny,Normal,,76,84,1000000,1,60,0
709,428,Mega Lopunny,Normal,Fighting,136,94,1000000,1,60,0
711,435,Skuntank,Poison,Dark,93,67,1000000,1,60,0
713,437,Bronzong,Steel,Psychic,89,116,1000000,1,90,0
716,442,Spiritomb,Ghost,Dark,92,108,1000000,1,100,0
718,454,Toxicroak,Poison,Fighting,106,65,1000000,1,75,0
719,462,Magnezone,Electric,Steel,70,115,1000000,1,30,0
720,463,Lickilicky,Normal,,85,95,1000000,1,30,0
721,465,Tangrowth,Grass,,100,125,1000000,1,30,0
722,466,Electivire,Electric,,123,67,1000000,1,30,0
723,467,Magmortar,Fire,,95,67,1000000,1,30,0
724,469,Yanmega,Bug,Flying,76,86,1000000,1,30,0
725,470,Leafeon,Grass,,110,130,1000000,1,45,0
726,471,Glaceon,Ice,,60,110,1000000,1,45,0
727,474,Porygon-Z,Normal,,80,70,1000000,1,30,0
728,476,Probopass,Rock,Steel,55,145,1000000,1,60,0
729,478,Froslass,Ice,Ghost,80,70,1000000,1,75,0
730,479,Rotom,Electric,Ghost,50,77,1000000,1,45,0
731,479,Rotom-Wash,Electric,Water,65,107,1000000,1,45,0
732,479,Rotom-Heat,Electric,Fire,65,107,1000000,1,45,0
733,479,Rotom-Mow,Electric,Grass,65,107,1000000,1,45,0
734,479,Rotom-Frost,Electric,Ice,65,107,1000000,1,45,0
735,479,Rotom-Fan,Electric,Flying,65,107,1000000,1,45,0
737,505,Watchog,Normal,,85,69,1000000,1,255,0
739,510,Liepard,Dark,,88,50,1000000,1,90,0
741,512,Simisage,Grass,,98,63,1000000,1,75,0
743,514,Simisear,Fire,,98,63,1000000,1,75,0
745,516,Simipour,Water,,98,63,1000000,1,75,0
747,523,Zebstrika,Electric,,100,63,1000000,1,75,0
749,528,Swoobat,Psychic,Flying,57,55,1000000,1,45,0
751,530,Excadrill,Ground,Steel,135,60,1000000,1,60,0
752,538,Throh,Fighting,,100,85,1000000,1,45,0
753,539,Sawk,Fighting,,125,75,1000000,1,45,0
755,547,Whimsicott,Grass,Fairy,67,85,1000000,1,75,0
757,549,Lilligant,Grass,,60,75,1000000,1,75,0
758,550,Basculin,Water,,92,65,1000000,1,25,0
759,556,Maractus,Grass,,86,67,1000000,1,255,0
761,558,Crustle,Bug,Rock,105,125,1000000,1,75,0
763,560,Scrafty,Dark,Fighting,90,115,1000000,1,90,0
764,561,Sigilyph,Psychic,Flying,58,80,1000000,1,45,0
767,563,Cofagrigus,Ghost,,50,145,1000000,1,90,0
769,565,Carracosta,Water,Rock,108,133,1000000,1,45,0
771,567,Archeops,Rock,Flying,140,65,1000000,1,45,0
773,569,Garbodor,Poison,,95,82,1000000,1,60,0
775,581,Swanna,Water,Flying,87,63,1000000,1,45,0
777,586,Sawsbuck,Normal,Grass,100,70,1000000,1,75,0
778,587,Emolga,Electric,Flying,75,60,1000000,1,200,0
780,589,Escavalier,Bug,Steel,135,105,1000000,1,75,0
782,591,Amoonguss,Grass,Poison,85,70,1000000,1,75,0
784,593,Jellicent,Water,Ghost,60,70,1000000,1,60,0
786,596,Galvantula,Bug,Electric,77,60,1000000,1,75,0
788,598,Ferrothorn,Grass,Steel,94,131,1000000,1,90,0
790,606,Beheeyem,Psychic,,75,75,1000000,1,90,0
792,614,Beartic,Ice,,130,80,1000000,1,60,0
793,615,Cryogonal,Ice,,50,50,1000000,1,25,0
795,617,Accelgor,Bug,,70,40,1000000,1,75,0
796,618,Stunfisk,Ground,Electric,66,84,1000000,1,75,0
797,618,Galarian Stunfisk,Ground,Steel,81,99,1000000,1,75,0
798,621,Druddigon,Dragon,,120,90,1000000,1,45,0
800,623,Golurk,Ground,Ghost,124,80,1000000,1,90,0
802,625,Bisharp,Dark,Steel,125,100,1000000,1,45,0
803,626,Bouffalant,Normal,,110,95,1000000,1,45,0
804,631,Heatmor,Fire,,97,66,1000000,1,90,0
805,632,Durant,Bug,Steel,109,112,1000000,1,90,0
807,660,Diggersby,Normal,Ground,56,77,1000000,1,127,0
810,666,Vivillon,Bug,Flying,52,50,1000000,1,45,0
813,671,Florges,Fairy,,65,68,1000000,1,45,0
815,673,Gogoat,Grass,,100,62,1000000,1,45,0
817,675,Pangoro,Fighting,Dark,124,78,1000000,1,65,0
818,676,Furfrou,Normal,,80,60,1000000,1,160,0
820,678,Meowstic,Psychic,,48,76,1000000,1,75,0
826,683,Aromatisse,Fairy,,72,72,1000000,1,140,0
828,685,Slurpuff,Fairy,,80,86,1000000,1,140,0
830,687,Malamar,Dark,Psychic,92,88,1000000,1,80,0
832,689,Barbaracle,Rock,Water,105,115,1000000,1,45,0
834,691,Dragalge,Poison,Dragon,75,90,1000000,1,55,0
836,695,Heliolisk,Electric,Normal,55,52,1000000,1,75,0
838,697,Tyrantrum,Rock,Dragon,121,119,1000000,1,45,0
840,699,Aurorus,Rock,Ice,77,72,1000000,1,45,0
841,700,Sylveon,Fairy,,65,65,1000000,1,45,0
842,701,Hawlucha,Fighting,Flying,92,75,1000000,1,100,0
843,702,Dedenne,Electric,Fairy,58,57,1000000,1,180,0
845,709,Trevenant,Ghost,Grass,110,76,1000000,1,60,0
855,713,Avalugg,Ice,,117,184,1000000,1,55,0
857,715,Noivern,Flying,Dragon,70,80,1000000,1,45,0
860,733,Toucannon,Normal,Flying,120,75,1000000,1,45,0
862,735,Gumshoos,Normal,,110,60,1000000,1,127,0
865,738,Vikavolt,Bug,Electric,70,90,1000000,1,45,0
867,740,Crabominable,Fighting,Ice,132,77,1000000,1,60,0
868,741,Oricorio Baile Style,Fire,Flying,70,70,1000000,1,45,0
869,741,Oricorio Pom-Pom Style,Electric,Flying,70,70,1000000,1,45,0
870,741,Oricorio Pa'u Style,Psychic,Flying,70,70,1000000,1,45,0
871,741,Oricorio Sensu Style,Ghost,Flying,70,70,1000000,1,45,0
873,743,Ribombee,Bug,Fairy,55,60,1000000,1,75,0
879,748,Toxapex,Poison,Water,63,152,1000000,1,75,0
881,750,Mudsdale,Ground,,125,100,1000000,1,60,0
883,752,Araquanid,Water,Bug,70,92,1000000,1,100,0
885,754,Lurantis,Grass,,105,90,1000000,1,75,0
887,756,Shiinotic,Grass,Fairy,45,80,1000000,1,75,0
889,758,Salazzle,Poison,Fire,64,60,1000000,1,45,0
891,760,Bewear,Normal,Fighting,125,80,1000000,1,70,0
893,768,Golisopod,Bug,Water,125,140,1000000,1,45,0
895,770,Palossand,Ghost,Ground,75,110,1000000,1,60,0
896,776,Turtonator,Fire,Dragon,78,135,1000000,1,70,0
897,777,Togedemaru,Electric,Steel,98,63,1000000,1,180,0
898,778,Mimikyu,Ghost,Fairy,90,80,1000000,1,45,0
899,779,Bruxish,Water,Psychic,105,70,1000000,1,80,0
900,780,Drampa,Normal,Dragon,60,85,1000000,1,70,0
901,781,Dhelmise,Ghost,Grass,131,100,1000000,1,25,0
903,820,Greedent,Normal,,95,95,1000000,1,90,0
906,826,Orbeetle,Bug,Psychic,45,110,1000000,1,45,0
908,830,Eldegoss,Grass,,50,90,1000000,1,75,0
910,832,Dubwool,Normal,,80,100,1000000,1,127,0
912,834,Drednaw,Water,Rock,115,90,1000000,1,75,0
914,844,Sandaconda,Ground,,107,125,1000000,1,120,0
915,845,Cramorant,Flying,Water,85,55,1000000,1,45,0
917,851,Centiskorch,Fire,Bug,115,65,1000000,1,75,0
919,855,Polteageist,Ghost,,65,65,1000000,1,60,0
922,861,Grimmsnarl,Dark,Fairy,120,65,1000000,1,45,0
923,862,Obstagoon,Dark,Normal,90,101,1000000,1,45,0
924,863,Perrserker,Steel,,110,100,1000000,1,90,0
925,865,Sirfetch'd,Fighting,,135,95,1000000,1,45,0
926,866,Mr. Rime,Ice,Psychic,85,75,1000000,1,45,0
927,867,Runerigus,Ground,Ghost,95,145,1000000,1,90,0
929,869,Alcremie,Fairy,,60,75,1000000,1,100,0
930,870,Falinks,Fighting,,100,100,1000000,1,45,0
931,871,Pincurchin,Electric,,101,95,1000000,1,75,0
933,873,Frosmoth,Ice,Bug,65,60,1000000,1,75,0
934,877,Morpeko,Electric,Dark,95,58,1000000,1,180,0
936,879,Copperajah,Steel,,130,69,1000000,1,90,0
937,884,Duraludon,Steel,Dragon,95,115,1000000,1,45,0
939,36,Clefable,Fairy,,70,73,800000,1,25,0
941,40,Wigglytuff,Normal,Fairy,70,45,800000,1,50,0
944,166,Ledian,Bug,Flying,35,50,800000,1,90,0
946,168,Ariados,Bug,Poison,90,70,800000,1,90,0
952,184,Azumarill,Water,Fairy,50,80,800000,1,75,0
956,210,Granbull,Fairy,,120,75,800000,1,75,0
957,222,Corsola,Water,Rock,55,95,800000,1,60,0
959,225,Delibird,Ice,Flying,55,45,800000,1,45,0
960,235,Smeargle,Normal,,20,35,800000,1,45,0
961,242,Blissey,Normal,,10,10,800000,1,30,0
964,301,Delcatty,Normal,,65,65,800000,1,60,0
965,303,Mawile,Steel,Fairy,85,85,800000,1,45,0
966,303,Mega Mawile,Steel,Fairy,105,125,800000,1,45,0
968,326,Grumpig,Psychic,,45,65,800000,1,60,0
969,327,Spinda,Normal,,60,60,800000,1,255,0
970,337,Lunatone,Rock,Psychic,55,65,800000,1,45,0
971,338,Solrock,Rock,Psychic,95,85,800000,1,45,0
973,354,Banette,Ghost,,115,65,800000,1,45,0
974,354,Mega Banette,Ghost,,165,75,800000,1,45,0
977,358,Chimecho,Psychic,,50,80,800000,1,45,0
978,370,Luvdisc,Water,,30,55,800000,1,225,0
979,424,Ambipom,Normal,,100,66,800000,1,45,0
980,429,Mismagius,Ghost,,60,60,800000,1,45,0
982,432,Purugly,Normal,,82,64,800000,1,75,0
985,468,Togekiss,Fairy,Flying,50,95,800000,1,30,0
986,477,Dusknoir,Ghost,,100,135,800000,1,45,0
988,518,Musharna,Psychic,,55,85,800000,1,75,0
989,531,Audino,Normal,,60,86,800000,1,255,0
990,531,Mega Audino,Normal,Fairy,60,126,800000,1,255,0
992,573,Cinccino,Normal,,95,60,800000,1,60,0
993,594,Alomomola,Water,,75,80,800000,1,75,0
994,707,Klefki,Steel,Fairy,80,91,800000,1,75,0
997,764,Comfey,Fairy,,52,90,800000,1,60,0
998,771,Pyukumuku,Water,,60,130,800000,1,60,0
1000,828,Thievul,Dark,,58,58,800000,1,127,0
1002,836,Boltund,Electric,,90,60,800000,1,45,0
1003,864,Cursola,Ghost,,95,50,800000,1,30,0
1006,291,Ninjask,Bug,Flying,90,45,600000,1,120,0
1007,292,Shedinja,Bug,Ghost,90,45,600000,1,45,0
1008,313,Volbeat,Bug,,73,75,600000,1,150,0
1010,334,Altaria,Dragon,Flying,70,90,600000,1,45,0
1011,334,Mega Altaria,Dragon,Fairy,110,110,600000,1,45,0
1012,335,Zangoose,Normal,,115,60,600000,1,90,0
1014,346,Cradily,Rock,Grass,81,97,600000,1,45,0
1016,348,Armaldo,Rock,Bug,125,100,600000,1,45,0
1018,350,Milotic,Water,,60,79,600000,1,60,0
1020,367,Huntail,Water,,104,105,600000,1,60,0
1021,368,Gorebyss,Water,,84,105,600000,1,60,0
1023,409,Rampardos,Rock,,165,60,600000,1,45,0
1025,411,Bastiodon,Rock,Steel,52,168,600000,1,45,0
1027,457,Lumineon,Water,,69,76,600000,1,75,0
1029,841,Flapple,Grass,Dragon,110,80,600000,1,45,0
1030,842,Appletun,Grass,Dragon,85,80,600000,1,45,0
1031,32,Nidoran??Poison,,"['Hustle', 'Poison Point', 'Rivalry']",40,40,0,235,0,0
